CustomerID,FirstName,LastName,Email,City
xQEu4s,April,Perkins,ashley00@stewart.info,Vinnytsia
kY2JHGD,Russell,Conley,mreed@gmail.com,Dnipro
K7RIWMu,Michael,Williams,kingjennifer@byrd.com,Lviv
tANl8L,Brittany,Pierce,kristinday@buchanan.net,Odesa
kLBwlw,Donald,Baker,hannahgarcia@ingram.net,Dnipro
gFlVVg7,Matthew,Gallagher,ksmith@rivera.com,Chernihiv
1QnnVH,Steven,Duncan,bferguson@gmail.com,Kharkiv
9sda3s,Crystal,Tran,ortegabrandon@yahoo.com,Kharkiv
fGfV8c,Autumn,Scott,vanderson@yahoo.com,Zaporizhzhia
6rSaF5Q,Richard,Delgado,jennifer96@hotmail.com,Odesa
EyWIysWh,Larry,Bowman,haley47@hotmail.com,Lviv
fXK8RGp,Lori,Griffin,chenjade@bauer-johnson.net,Vinnytsia
PF5Evw,Amber,Myers,lwaters@gmail.com,Dnipro
QvaXMO,Brandon,Sampson,delgadojames@hotmail.com,Zaporizhzhia
DYItsi,Walter,Armstrong,sbell@yahoo.com,Zaporizhzhia
NefBzX,Bailey,Johnson,nancyallison@gmail.com,Sumy
TKFF5V,Jacqueline,Davis,cthompson@hopkins-harrington.com,Odesa
mPNcPcy,Tony,Wyatt,fischerbrian@gmail.com,Kyiv
8Re3iL,Ashley,Henson,carriesullivan@hotmail.com,Poltava
jsz2Svpw,Amy,Maddox,andrew56@oconnor.com,Vinnytsia
wZBxvWA0,Shannon,Nguyen,logan58@yahoo.com,Kharkiv
Naiy5xbt,Anna,Schmitt,john68@yahoo.com,Poltava
ALlVZ4b,William,Olson,hknox@yahoo.com,Dnipro
HIMEggpN,Steven,Dennis,brent72@gmail.com,Lviv
zH0MXM,Jeremy,Walters,fshea@hotmail.com,Sumy
7hNYcH,Kelly,Fry,yhouston@jones.com,Kyiv
USbpV1I,Evan,Peck,wilsonvanessa@hotmail.com,Vinnytsia
quBZxf,Marcus,Allen,gdillon@hotmail.com,Vinnytsia
HQd3c4yS,Ashley,Warren,kelleycrystal@yahoo.com,Kyiv
xVdI8GV,Scott,Mitchell,davisamanda@hotmail.com,Kharkiv
0UoS3bbt,Jacob,Espinoza,michele21@anderson-chang.com,Kyiv
RJaxV0,Michael,Gray,robert84@lee-martinez.com,Dnipro
BCC8Gr,Joseph,Davis,jmason@gmail.com,Zaporizhzhia
DP5FturK,Joseph,Norton,shawn59@yahoo.com,Poltava
bqu2jW4,Morgan,Adams,nlopez@brown.com,Odesa
qPvJoWN,Ryan,Powell,aaron48@hotmail.com,Chernihiv
9vVXWhG8,Victoria,Simon,tayloranthony@yahoo.com,Zaporizhzhia
DGXv6h,Steven,Morgan,lee17@lewis.com,Poltava
nTF9Msl,John,Wilson,sarahmorales@hotmail.com,Lviv
JOKejfI,Diane,Robertson,lindsey22@hotmail.com,Sumy
OLJEWnq,Anthony,Owen,obrienjeffrey@hotmail.com,Poltava
C2YEMIlg,Mary,Nelson,brandonmorris@gmail.com,Odesa
o6s9AP3,Samantha,Leach,estradaroger@hotmail.com,Sumy
G6M3wk,Jeremy,Kim,jose18@hotmail.com,Kharkiv
xzBggb6K,Mary,Thomas,smithdeanna@lyons.com,Poltava
HPXZhW,Anthony,Brown,billy19@gmail.com,Vinnytsia
5tQhwB,Benjamin,Pratt,nicole24@mcintosh-alvarez.com,Kharkiv
YkCHpiWb,Teresa,Armstrong,rhowell@hotmail.com,Dnipro
dMOn6yj,Andre,Harris,kyle87@adkins.com,Sumy
tOvd3m,Christine,Stewart,xaguirre@gmail.com,Poltava
99CgKy,Ryan,Young,stephaniewilson@gordon.com,Kyiv
4BhpYEx,Denise,Wong,woodstara@thornton-castaneda.org,Zaporizhzhia
5yyaJqp,Rebecca,Cox,danapayne@davis-turner.com,Vinnytsia
DnsPNnRj,Elizabeth,Davis,andersonsarah@sharp-ross.com,Dnipro
jGc4Gmp,Katherine,Solomon,daniellopez@hotmail.com,Poltava
6Q9fm6Wp,John,Martinez,yortiz@lopez.com,Chernihiv
nLyVdKOm,Samantha,Hansen,martinezbrian@collier.com,Vinnytsia
viijQfH,Kari,Malone,thompsonamber@hotmail.com,Chernihiv
jqYWtUI,Julie,Jacobson,johnadkins@shaw.com,Kyiv
wStpnBQ0,Barbara,Wilson,calvin42@barker.net,Poltava
mm54usQ,Kylie,Martinez,scottbarnes@little-martinez.biz,Poltava
LLGhBnuF,Melissa,Lynch,bbishop@yahoo.com,Sumy
jmhv65p,Candace,Mckay,smithkenneth@thompson-martinez.net,Kharkiv
oAZWEoQ,Nicholas,Hill,joneslisa@yahoo.com,Vinnytsia
obqQVi,Adam,Becker,victoria94@yahoo.com,Zaporizhzhia
9d4mkv,Kyle,Robbins,michaelwilliamson@hotmail.com,Dnipro
WumeHU8,Derek,Stephens,benitezchristopher@taylor.com,Zaporizhzhia
oxJoXE,Amber,Maxwell,lthomas@lewis.com,Odesa
7ZV0NPk,Kevin,Coleman,shane54@yahoo.com,Kharkiv
WfLS2l,Rebecca,Henderson,danielwagner@marsh.com,Zaporizhzhia
SnpQ5s,Dennis,Schmidt,jessicamalone@yahoo.com,Vinnytsia
2aeE98sj,James,Salazar,joshuachavez@hotmail.com,Chernihiv
djgz6Gjt,Amber,Lane,andersonbeth@yahoo.com,Kyiv
0NBZ0o,Kyle,Estrada,suzannerosario@beltran.com,Kyiv
qOKdXo,Adrian,Mcbride,halevalerie@burgess-smith.com,Poltava
IlNL43NY,Donna,Cook,anthonypope@yahoo.com,Zaporizhzhia
fkAtejO,Kyle,Orr,heather33@gmail.com,Poltava
0mNjXc,Anita,Dennis,xdavis@yahoo.com,Kharkiv
wxDMYwM,Amanda,Turner,angelicaramos@yahoo.com,Odesa
GjNs4mi,Katelyn,Grant,zacharydavis@yahoo.com,Dnipro
BFMiIW,Julia,Freeman,paul66@thompson.com,Dnipro
w1G0PLn8,Daniel,King,wcolon@dennis.org,Dnipro
B0cfj1,Cheryl,Hale,aprilgarner@young.info,Kharkiv
QfIxKI0,Tom,Anderson,katherine37@nguyen-lloyd.com,Dnipro
SmIY5e,Walter,Myers,burtonangela@gmail.com,Vinnytsia
czlhdtFL,Mark,Wagner,susan03@yahoo.com,Kharkiv
N7ILC8,Chase,Smith,levi29@smith.com,Zaporizhzhia
bieeYE,Joseph,Smith,xhendrix@yahoo.com,Vinnytsia
zeZlLHEf,Robert,Butler,michaeloneill@perry.net,Zaporizhzhia
6inKVhP,Shirley,Watts,bshaffer@taylor.biz,Kyiv
ne6wZfT5,Deborah,Chandler,johnmartin@knight.com,Lviv
zG9dvyW0,Dennis,Sheppard,garciakeith@gmail.com,Vinnytsia
oNU172A3,Amber,White,kelly35@short-raymond.com,Kharkiv
1yqamq,Krystal,Smith,harrisfernando@hotmail.com,Odesa
YnvOlLSP,Jamie,Freeman,matthew10@hotmail.com,Sumy
yNHlLb,Catherine,Leach,millsjerry@sanders.info,Dnipro
MBhIdDq,Craig,Edwards,williamsbrian@erickson.com,Zaporizhzhia
4pCPyWmX,Joseph,Drake,jessicasmith@miller-ward.com,Kharkiv
lZSwfi,Alyssa,Hudson,tannersharon@gmail.com,Poltava
i3U2e4F,Kimberly,Williams,andreapark@schaefer.com,Vinnytsia
QABGaaO,John,Jensen,hillnathaniel@wong-hamilton.com,Chernihiv
vEOALP,Stephen,Hurley,victormoore@sutton-garner.net,Sumy
UspxOcX,Kimberly,Gallagher,upittman@yahoo.com,Vinnytsia
oeRkQpE,Timothy,Sutton,crystalmorton@sheppard.com,Dnipro
Cr59CfJ,Alexis,Rivera,garciaangel@gmail.com,Sumy
MjEzC5e,Richard,Mathews,slopez@guerrero-simmons.com,Zaporizhzhia
7XR0ocS2,Michael,Mccullough,mark90@hotmail.com,Odesa
ZgcOz2,Zachary,Rubio,whitestephen@hotmail.com,Odesa
GHSryylh,James,Waller,albertvaughn@gmail.com,Odesa
POE6ERb,Diana,Rodriguez,wknight@rivera.com,Odesa
1bWX98x,Paul,Hall,susanjones@jackson-fernandez.net,Odesa
xh7AFXO,Gabriel,Haynes,poconnell@boone-johnson.info,Dnipro
Lsl6qX5,Olivia,Mueller,wcurtis@hotmail.com,Vinnytsia
825Fcs1,Stephanie,Newman,xsmith@jones.com,Vinnytsia
3dcLki,Linda,Chapman,shayes@johnson.com,Zaporizhzhia
eyc5ecM3,Mario,Keller,benderderrick@wilkinson.com,Kyiv
Y9QkY1gg,Hannah,Wilson,marylester@yahoo.com,Chernihiv
6PwdLpL,Clayton,Porter,brent32@gmail.com,Kharkiv
7yEaxP,Jennifer,Nguyen,bradleychristopher@hotmail.com,Zaporizhzhia
6s8cP6c,Katherine,Moody,phillipkennedy@yahoo.com,Vinnytsia
GctWRL,Mary,Rogers,nathanrivera@mcdowell.com,Chernihiv
ruEWsMp,Victoria,Williams,aespinoza@moore-larsen.net,Dnipro
Hluc0TFD,John,Valdez,daybilly@hernandez.com,Chernihiv
53qvkZ,Robert,Chapman,glen94@gmail.com,Kyiv
gxcLEj,Robert,Jones,charlescopeland@moore.com,Chernihiv
FvkXBc,Jeremy,Rodriguez,chrissilva@castillo.com,Lviv
cHjOiX91,Marc,Garcia,uhouse@gmail.com,Vinnytsia
b3iV9QaF,Kenneth,Wagner,vickiclark@yahoo.com,Kyiv
DPJkaH,Brianna,Michael,robert52@schneider-rivera.com,Chernihiv
tzyz0a,Keith,Miller,claytonbrittany@yahoo.com,Odesa
kqOIwa,Emily,Pitts,martinzachary@hotmail.com,Odesa
Sja8a7xI,Abigail,Rodriguez,jennifer64@yahoo.com,Chernihiv
XNfEFnV,Kara,Espinoza,jeffreymartinez@stout.info,Kyiv
pGKXXAJK,Pamela,Livingston,cochranjose@gmail.com,Chernihiv
09TDWl,Sara,Hines,livingstonalexis@sanders.info,Vinnytsia
iP8bmpg8,Todd,Ramirez,williamsjames@stone-choi.com,Zaporizhzhia
QzkZQ8q,Ian,Roberts,nicolemccormick@yahoo.com,Zaporizhzhia
nJEsus,Travis,Taylor,jonathan01@taylor.net,Chernihiv
ReozRI,Tammy,Evans,mitchelllee@koch.com,Kyiv
KzX9zMq,Sarah,Smith,richard12@peterson-mclean.biz,Vinnytsia
ucwhFbq,Denise,Mueller,nancyparker@hotmail.com,Lviv
b7CZiHQ,Brandon,Moore,christopherbradshaw@gmail.com,Lviv
6D8mms,Nathan,Reid,tinawilliams@newman-holland.com,Dnipro
WMBfRK,Elizabeth,Vance,vbarber@richardson.com,Odesa
zxoX6dx,Courtney,Rowe,leecraig@gmail.com,Poltava
INvHdny,Elizabeth,Goodman,qbrown@silva.com,Odesa
SrCpxeFp,Alyssa,Garrett,carolwalker@gmail.com,Kharkiv
ImkBa1FX,Amanda,Munoz,bcruz@mcdonald-malone.com,Lviv
7i2MGVu2,James,Williams,nphillips@gmail.com,Odesa
MeFgZ1,Nicole,Stephenson,csimmons@scott.info,Odesa
tXJX3wC,Collin,Thomas,sandra09@jackson-madden.info,Sumy
ws0k83n8,Alexis,Gibson,christopherlopez@munoz-english.com,Odesa
MuxR4HEI,Destiny,Vaughn,christinetodd@gmail.com,Kharkiv
a6iUdUA,Krista,Mclaughlin,bennettrobert@henderson-collins.org,Dnipro
gNF8cw,Larry,Arnold,caitlindecker@hotmail.com,Kyiv
tcUA9J,Marissa,White,rharris@singleton.com,Kharkiv
jhMwzL,Nancy,Hill,kent03@yahoo.com,Kharkiv
1CVCk2T,Beth,Smith,margaret86@green.com,Dnipro
VazgBL4Y,Latasha,Hopkins,zunigapaige@yahoo.com,Sumy
GbBPIvn,Jennifer,Jackson,theodoremolina@gmail.com,Sumy
PcPSPClx,Stephanie,Wood,jmeyer@hotmail.com,Poltava
DSfR6jsc,Jason,Mckee,jimmyshort@hotmail.com,Sumy
QbBm6QzI,Sarah,Smith,breilly@hotmail.com,Odesa
awJ7zji,Stephen,Diaz,mrobles@gmail.com,Dnipro
3ex0pUTp,Patricia,Sparks,hilljustin@fitzgerald.com,Zaporizhzhia
8Xlj2AW,Tonya,Fuentes,rangelelizabeth@reyes.info,Kyiv
vMzVnV,Nicolas,Miles,maynardisaiah@gmail.com,Lviv
n4vwkp,Julie,Nolan,gmyers@perez.com,Chernihiv
4hcuf7L,Manuel,Moreno,adamsullivan@williams.com,Kyiv
SMC9wP,Donna,Caldwell,loriwalsh@gmail.com,Lviv
VuYgKq3,Jessica,Martin,richardbartlett@hicks.com,Chernihiv
TQJB3mA,Michael,Reeves,pchapman@wilson.biz,Odesa
li5nRHP,Holly,Munoz,jimenezanthony@martinez-grimes.com,Dnipro
sGjD38,Maria,Parker,tharris@yahoo.com,Dnipro
VOKFraO,Laura,Wilson,feliciachapman@gmail.com,Zaporizhzhia
lDIr4Kf,Matthew,Mcguire,pamelamartinez@chavez-stokes.com,Kyiv
7d98ckdr,Michael,Hart,keith34@ayers-maldonado.info,Kharkiv
1oeddH,Lauren,Fischer,kylepierce@gmail.com,Kyiv
xLGyvekI,Kim,Jones,creyes@neal-freeman.com,Dnipro
2GjgjUv,Casey,Johnson,ambersnyder@jones.net,Dnipro
F77gbq,Max,Carrillo,smorrow@jennings.com,Kyiv
G6th82im,Elizabeth,Johnson,michael53@yahoo.com,Chernihiv
l4129zsW,Nathaniel,Ferguson,susancraig@gmail.com,Kyiv
50jGCIQ8,Kimberly,Hooper,marcusgreen@mclaughlin.com,Odesa
9lJVvC,Lisa,Ryan,lswanson@gmail.com,Lviv
QAi2pR,Cheyenne,Clayton,oliviakrueger@blake.com,Kharkiv
uJ5eVo,Stacey,Mcgrath,ccasey@gmail.com,Kharkiv
QNNxqDz,Sue,White,meyerlisa@yahoo.com,Chernihiv
1mRtLN1N,Marc,Martin,brandonwallace@bean.com,Poltava
rIk5dtO,Daniel,Brown,jeffrey69@hotmail.com,Vinnytsia
1GamgDAr,Andrew,Cook,wrush@walters.com,Zaporizhzhia
HqjoK1xu,Tina,Pearson,robert99@blevins-wright.com,Kharkiv
j59J816z,Eduardo,Sherman,iortiz@hotmail.com,Odesa
w9a725,Robert,Carr,jmyers@yahoo.com,Lviv
kbLdrbWx,Lisa,Murphy,morrisrobert@hotmail.com,Vinnytsia
IEZhOzk,Douglas,Miller,beckerjoseph@gmail.com,Lviv
VoGM88hR,Susan,Thomas,mdunn@hotmail.com,Poltava
76vriXyh,Christopher,Hurley,leslie03@gmail.com,Zaporizhzhia
zqtnW5G,Anthony,Griffin,powellshelly@russell-suarez.com,Kyiv
1XcH1vuW,Jason,Patterson,kirsten00@phillips-cole.net,Kharkiv
iaxiyGjv,Andrew,Soto,emma57@yahoo.com,Odesa
hWXFb5Wx,Cindy,Walker,sherririce@miller-miller.biz,Dnipro
DZT1WT,Meredith,Tate,hromero@davis-montgomery.com,Dnipro
F4yDCfd,Charles,Morales,vhunter@robertson-williams.com,Kharkiv
ie38UW2,Amanda,Cooper,mcbridemichelle@hotmail.com,Dnipro
UOW4in,Danielle,Wyatt,brandy17@powers.com,Kharkiv
Facj6Nf,Eric,Wells,marycarlson@hotmail.com,Sumy
V9RxyEH5,Lori,Choi,hbass@johnson.com,Zaporizhzhia
A2oUwxC,Seth,Lyons,ryan91@yahoo.com,Vinnytsia
pmXGKmF,Jeffrey,Johnson,jamesvasquez@rivera.com,Poltava
NtcL5x,Brenda,Scott,stephendelacruz@yahoo.com,Dnipro
8XhPgZyZ,Ryan,English,duane41@yahoo.com,Kyiv
noCHCdKQ,Willie,Wilson,ogonzalez@acosta-bruce.net,Odesa
N2gqNoKY,Candace,White,marvinhopkins@hampton-lara.com,Vinnytsia
qkxlV8,Daniel,Gutierrez,marystevens@yahoo.com,Kyiv
nvbKY8j,Maria,Rodriguez,huntchristian@yahoo.com,Lviv
kW55k2s,Erica,Alvarez,sophia19@wells.com,Poltava
6XqUgfc,William,Montgomery,christinathomas@harris-alexander.com,Chernihiv
vImQi5Z,Jessica,Bowman,schneiderlindsey@walker.org,Vinnytsia
sPcStmHi,Michael,Stevens,joanna16@hotmail.com,Chernihiv
rO3og7J,Kevin,Chaney,orobertson@gmail.com,Dnipro
vorUXwTt,Jessica,Sandoval,butlersean@hotmail.com,Poltava
ejYAMK8K,Joseph,Jenkins,stephen23@perez.com,Chernihiv
E0k6Axq3,Jonathan,Lee,veronica56@gmail.com,Lviv
Jt6nx0u,Gary,Kelly,justinosborn@gmail.com,Chernihiv
BO0H8yH,Robert,Cruz,mason98@roberts.com,Kharkiv
G9vfK2O,Molly,Pierce,craigsmith@hotmail.com,Vinnytsia
Lqoke5,Katherine,Jackson,egallagher@gonzales-mendez.org,Dnipro
3RB3IMU,Jade,Ross,taramurphy@gmail.com,Kyiv
k1kBBmv,Janice,Hopkins,nicholas89@ramirez.net,Dnipro
BnARHnt,Melissa,Sanchez,charles96@gmail.com,Odesa
fZGjk3P,Patricia,Cowan,bryan14@hotmail.com,Dnipro
aonG43ND,Jeffrey,Levy,bernardhenry@hotmail.com,Kharkiv
XIOeoEE,Christopher,Gonzales,carsondavid@hotmail.com,Dnipro
uB7fkom,Cynthia,Jackson,connermary@gmail.com,Sumy
Yap27h,Michelle,Robertson,garnerjonathan@jones.net,Chernihiv
JWHJpZS1,Tina,Foley,weaverjerome@yahoo.com,Vinnytsia
3gnfl8i,Brandy,Brennan,lynn36@yahoo.com,Odesa
00TS23th,Dustin,King,brian19@carr.com,Sumy
FwCGP2,Kelly,Adams,hmartinez@gmail.com,Dnipro
VIUmm0Pz,Nathan,Diaz,burnettmadison@bell-kim.com,Dnipro
3Nz8UVI,Albert,Guerrero,larryadams@yahoo.com,Chernihiv
TqEgdRa,Emma,Wright,evanjohnson@yahoo.com,Zaporizhzhia
pvcra4l,Sara,Davis,vkline@yahoo.com,Dnipro
Zg9nN449,Kaitlin,Johnston,sabrina57@velasquez.com,Kharkiv
cAlAOwvI,Kimberly,Thomas,andersonkatie@hotmail.com,Kharkiv
IbXnpGS,Dean,Smith,patrick93@hotmail.com,Odesa
aTlWIS,Corey,Watson,thomasjared@gmail.com,Vinnytsia
MpE8BF88,Richard,Crawford,sierra35@hart-santos.net,Kyiv
7HH7WR,Natalie,Barry,katrinasmith@beck.com,Kharkiv
D1iDlwpI,Aaron,Lynch,christianphillips@gmail.com,Zaporizhzhia
pC3Jtflx,Michael,Arias,candice96@hotmail.com,Chernihiv
CQJqzBp,Melissa,Mason,jeanneortiz@yahoo.com,Chernihiv
2qIIMgcG,Jason,Orozco,pjames@hotmail.com,Kyiv
V5kfmN,Janice,James,johnsonmonica@hughes.com,Sumy
rTqhto,Alan,Johnson,hannahgarcia@yahoo.com,Chernihiv
SaSKqZ,Patricia,Smith,sarahjames@ferguson-brown.com,Poltava
NgAUf1,Michael,Scott,westchristopher@murphy.com,Kharkiv
WOahph,Rodney,Hoffman,xwilliams@rios.biz,Kharkiv
jNpmuS4W,Jennifer,Alexander,potterstephanie@mason.biz,Sumy
JG0wXO5Q,James,Nelson,courtneyvilla@yahoo.com,Kharkiv
hJsqp9x1,Rebecca,Frazier,michaelshort@martin-gibson.org,Kharkiv
q4cWPY,Evan,Freeman,susan89@gmail.com,Poltava
XvfEAd0,Deborah,Wright,stephen06@yahoo.com,Sumy
8nnp8hck,Michael,Leach,kalexander@gmail.com,Vinnytsia
GNmm8UpX,Andrea,Smith,underwoodbenjamin@palmer.com,Odesa
847YEzPw,Maria,Moore,haley33@hotmail.com,Chernihiv
FWpLke3,Logan,Skinner,antonionolan@harris.biz,Zaporizhzhia
1JLYBs,Jacob,Gomez,haileykline@yahoo.com,Zaporizhzhia
dFRRPTY2,Rebecca,Zhang,fsalazar@acevedo.com,Chernihiv
1epQ3T5H,Elizabeth,Saunders,ramirezscott@gmail.com,Odesa
shKJn4,Ryan,Cline,wilsonwilliam@gmail.com,Lviv
jrv5JhA,Nicole,Young,csanders@yahoo.com,Zaporizhzhia
x6lH5rKX,Corey,Fowler,sarahkelly@martin-pitts.com,Zaporizhzhia
eSLfwz0,Jeff,Horton,sabrinawatkins@peters.com,Kyiv
pjaXjrQ,Matthew,Villegas,nharris@gmail.com,Odesa
3u3C5lCH,David,Chen,michaelrobert@hotmail.com,Sumy
rFsnom,Derrick,Lowe,samuel09@sparks-hansen.com,Dnipro
1RHF3tW,Brandy,Mitchell,morrismercedes@hotmail.com,Vinnytsia
1O991S1,Jennifer,Stone,rjacobson@bell-gregory.com,Kyiv
1OqHok,Amanda,Friedman,tammyhaley@parker-hartman.com,Sumy
Zlkim6n,Anthony,Castillo,iwade@mack.com,Lviv
ewClIoX,Hannah,Kane,pgraham@bryant-smith.info,Odesa
2CmNFhpb,Ethan,Burke,crystalmyers@wilcox.com,Kyiv
4kyMYv2A,David,Wood,salasmatthew@hotmail.com,Chernihiv
zfP8h1B,Kathryn,Williams,gmoore@brown-tapia.com,Dnipro
w7FD7yOM,Sergio,Williams,ruth14@hotmail.com,Lviv
znEISwb,Michelle,Hernandez,xdixon@yahoo.com,Kharkiv
SqSv5o,Barry,Brooks,brownlisa@snyder.com,Zaporizhzhia
l5YSer,Heather,Taylor,krystalbowman@moon.net,Zaporizhzhia
KiPu4f1,Craig,Banks,shannon07@yahoo.com,Odesa
ROeIdV,Heather,Ho,jose56@hotmail.com,Zaporizhzhia
VqoyL4,Teresa,Thompson,whitejames@gmail.com,Sumy
X2t5If,Theresa,Welch,jaclynrocha@hotmail.com,Sumy
rkBRbE,Melanie,Stein,juliahardy@yahoo.com,Poltava
knnFPp,Luis,Evans,mario65@gmail.com,Chernihiv
1nlP582,Jessica,Green,sarahsantiago@francis.com,Lviv
gNXTCB0,James,Pierce,perezmark@yahoo.com,Vinnytsia
GgGzPm,Krista,Nolan,perezjustin@yahoo.com,Kharkiv
15kdaC,Scott,White,angela01@bush.com,Lviv
uKxRwi,Elizabeth,Weaver,timothymorrison@hotmail.com,Kharkiv
AWHAPDU,Leah,Reeves,lcallahan@gmail.com,Kyiv
Q7dibmU9,Shawn,Brown,jessicamatthews@gmail.com,Vinnytsia
QMW8RL,Dawn,Burke,anna44@hotmail.com,Chernihiv
EAPMriFo,Carrie,Willis,qdouglas@yahoo.com,Chernihiv
XrAOB1m,Isaiah,Smith,aleclynch@boyd.com,Zaporizhzhia
LsWorF,Christy,Park,amandawatts@hotmail.com,Sumy
ATwZkQ,Crystal,Liu,gregory82@molina-gomez.com,Chernihiv
qiRsez,Kelly,Hartman,elizabethhudson@gmail.com,Vinnytsia
cD4uYV,Christopher,Thomas,lopezjuan@williams-thomas.com,Kyiv
TTs2Jp,Aaron,Preston,jessicabailey@kelly.com,Odesa
aPhVHw,Guy,James,brycewade@barry.com,Sumy
VISwtN,Sarah,Roman,heatherreid@alvarez.org,Kyiv
vwOO3F,Nicole,Dickerson,dianastrong@yahoo.com,Zaporizhzhia
tyX8r3,Alec,Spencer,johnsoncarol@hotmail.com,Kharkiv
WTjjHV6S,Adam,Martinez,amandafernandez@martinez-bennett.com,Dnipro
7gMXWAf,Amy,Harrell,juanmorgan@hotmail.com,Poltava
nK1CKEk9,Stacey,Myers,rrios@hotmail.com,Chernihiv
fuw7XIzh,Lawrence,Scott,zwoods@gmail.com,Odesa
wnU5MIBh,Emily,Gonzalez,christopher97@watson-ross.org,Vinnytsia
f2NBeo,Amanda,Leblanc,rachelholder@whitehead.com,Lviv
0BKPfq,John,Randolph,barbara11@hall.com,Kharkiv
wHrOZCd,Diana,Haynes,knighttyler@yahoo.com,Kyiv
hS5uj4,Debra,Martin,frice@hotmail.com,Kyiv
zVD1uiF,Jeffrey,Huynh,vknapp@yahoo.com,Kharkiv
gBmJIBhl,Joshua,Hoover,sarahchase@hart.org,Chernihiv
uWj7ne8u,Angela,Roach,jonesjennifer@gmail.com,Dnipro
HP6TJuFP,Bradley,Lawson,millerdaniel@adams.com,Sumy
upSM3BDI,Kimberly,Harvey,gharper@ruiz-delgado.com,Chernihiv
upsEuXI,Anthony,Wallace,floreskristina@davies.com,Poltava
iLMf8QM,Melissa,Pugh,grantjonathan@lyons.com,Sumy
N3ueEtk,Melanie,Johnson,evansalejandro@yahoo.com,Sumy
Zlqnb2,Chad,Cole,harrisrhonda@myers-white.com,Poltava
ld02Lm,Jacob,Underwood,wendy41@yahoo.com,Kyiv
jLHemCI,Kimberly,Richards,kristenzamora@gmail.com,Chernihiv
RfgUUmB,Kelsey,Young,stephencooper@morrison.com,Odesa
xz70ys,Tina,Gutierrez,cperry@meyer.com,Odesa
Fr1rs4,Mary,Reid,jacqueline90@hotmail.com,Poltava
ab4Nrd,Dawn,Moore,thomas48@gmail.com,Vinnytsia
CMiOpxrN,Traci,Miller,vasquezchristopher@bass.biz,Dnipro
S4igTc,Amy,Waller,matthew42@simmons.com,Dnipro
YuUU1U4p,Gina,York,derricknelson@carlson.com,Kyiv
B9dH6t,Anthony,Howard,turnermichael@conner-maxwell.info,Chernihiv
xAu9LeC,Edward,Young,heathermartinez@yahoo.com,Zaporizhzhia
soJU0Kx,William,Beasley,justinmiller@kirk.org,Lviv
9AM61imU,Kenneth,Barajas,russomary@smith-campos.com,Lviv
Ae84FRp,Martin,Mcneil,jade02@hotmail.com,Chernihiv
8sF3gUn,John,Hull,jonathandodson@gmail.com,Vinnytsia
cphhukl,Sean,Sheppard,zacosta@hotmail.com,Poltava
cIoBV8B,Christine,Macdonald,breanna94@hotmail.com,Dnipro
96zEvu,Jeffrey,Larson,christopher09@gmail.com,Lviv
BCmKdX,Jasmine,Acosta,hineseric@yahoo.com,Poltava
ountNJ,Vincent,Hart,williamslaurie@gmail.com,Lviv
z8kHm95,Vernon,Ramirez,harmoncameron@mueller.com,Kyiv
aGsFK6,John,Reilly,renee35@ho.com,Zaporizhzhia
UfXd8E,Zachary,Olson,mhanson@hotmail.com,Lviv
lnzN9U4,Hannah,Ali,ufreeman@hotmail.com,Chernihiv
GpVgJaCK,Samantha,Velazquez,sandy32@hotmail.com,Lviv
KWwTzB9f,Lindsay,Olson,andersonmicheal@ward.biz,Chernihiv
v8yE0Yg,Andrea,Collins,peter61@barber.com,Vinnytsia
ArH2MoHw,Pamela,Stone,hubertimothy@barnes-hall.com,Poltava
QD2rqB,Catherine,Colon,ijohnson@beard-terrell.com,Chernihiv
UgcFrXqc,Shannon,Kerr,coletanya@bell.net,Odesa
Vb2p1B,Julia,Aguilar,washingtonraymond@chen.com,Odesa
Jzc9mK73,Theresa,Hancock,wchavez@yahoo.com,Zaporizhzhia
B5Yla1l,Natasha,Branch,nguyenpriscilla@hotmail.com,Odesa
yUm5WgU2,Amanda,Becker,jmiller@schneider.com,Sumy
jv7AR07,Chad,Burns,robert30@hotmail.com,Odesa
BTua59I,Jennifer,Garcia,ashley88@hotmail.com,Sumy
A4X9uib,Jacob,Baldwin,torresnatalie@osborn.biz,Kharkiv
GzP72TZ,Cheryl,Roth,andersonrobert@yahoo.com,Chernihiv
CNjdY67c,Miranda,Boyd,amy36@hill-west.biz,Lviv
tm8sxQAN,Karen,Gamble,penaamy@neal.com,Kharkiv
tWJvh3,Lisa,Garcia,ortegajavier@hotmail.com,Lviv
dca2yo,Brooke,Thomas,jamesblanchard@barnes-marshall.com,Odesa
ZfHbXp,Kathryn,Moore,ryanholland@thompson-wong.com,Chernihiv
vSxNxH0N,Miranda,Carter,daniellewyatt@hotmail.com,Sumy
Z03fQV7,Whitney,Johnson,cbenton@evans.org,Zaporizhzhia
0sTaz0,Victoria,Mitchell,thomaskelly@yahoo.com,Lviv
gN0X1tK,Timothy,Jimenez,mullinstim@yahoo.com,Kyiv
dUHUI0,Michael,Jones,nathaniel16@gmail.com,Zaporizhzhia
vPNHAck,Robert,Russo,vegageoffrey@gmail.com,Kharkiv
9SURnY,Angela,Hughes,amy92@curtis.com,Odesa
UFqfUvx,Janet,Thompson,hbryant@mcknight-smith.com,Vinnytsia
vr0jqr,Kimberly,Barnes,madisonsoto@cohen-gomez.net,Chernihiv
vHNZ6b,Gary,Perez,walkersteven@gmail.com,Odesa
0Xlt68,Christopher,Cook,lcastro@gmail.com,Dnipro
GKW9mkFL,Jake,Webb,dbishop@greene.com,Kharkiv
gOtoMhE,Tina,Phillips,eric84@myers-snyder.biz,Poltava
YfSB6Qn,Cheryl,Knight,amy03@mccullough-cole.com,Zaporizhzhia
9p7eGz,Emily,Thompson,antonioferguson@le.com,Zaporizhzhia
pWn2m81v,Jeffrey,Ford,tammymejia@bryant-harris.info,Vinnytsia
BVnz09O,Shelby,Roach,xrodriguez@gmail.com,Dnipro
Mbzpq4K,Danielle,Rodriguez,michaelkane@campbell.com,Zaporizhzhia
D6uJU9,Todd,Fisher,anthonylopez@gmail.com,Poltava
n8i4bhcR,Emma,Smith,qbates@gmail.com,Kharkiv
x0JqSFs,John,Garcia,barrysamantha@alvarez.com,Dnipro
qmSHE3,Jonathan,Fisher,johnmack@kirby.org,Kyiv
xxkUbDBP,Alex,Sanchez,jordanalyssa@lara.info,Lviv
D9Jzjq8X,Charles,Hansen,patrickpierce@rowe-baker.info,Odesa
Vc0KxnaU,James,Blake,lesliebates@gmail.com,Odesa
xHf1Sz,Todd,Mills,meganlucas@yahoo.com,Poltava
CGh610,Ann,Little,santiagocassidy@baker-carlson.com,Odesa
TLN9LZu,Frank,Webb,jessica66@gmail.com,Zaporizhzhia
0yI21T8,Steve,Gonzalez,michael19@yahoo.com,Sumy
5y04sLi,Michele,Webb,cdavis@jackson-kim.biz,Sumy
QZ8FbSi,Lauren,Rhodes,lisacopeland@mcbride.com,Kyiv
knfvO4,Donald,Robinson,murphythomas@hernandez-warner.com,Odesa
N4dFU5,Timothy,Butler,martinezcatherine@hotmail.com,Vinnytsia
s8KOXot5,Mindy,Wolfe,lucasrodriguez@mckenzie.com,Vinnytsia
1kLVXN18,Timothy,Mendoza,xsmith@roach.com,Kharkiv
7VeMqN7e,Kevin,Huff,mitchellmichele@roth.biz,Odesa
ZdTCnlGP,Kristina,Myers,scottrobinson@gmail.com,Chernihiv
sCJ4Hx,Kelly,Hudson,mbentley@gmail.com,Odesa
UM1WD3,Samantha,Ramirez,sean49@thomas.com,Poltava
i95mHDx,Miguel,Young,troy73@gomez-holt.info,Odesa
eAYP3sm,Anthony,Gould,kruegermeghan@hotmail.com,Dnipro
vH6ZdmZf,Stephen,Gardner,smedina@miller.org,Dnipro
xL2Vfux,Tyler,Smith,maria36@smith.com,Zaporizhzhia
n4m3VnUZ,Anna,Watts,paul46@bryant.com,Dnipro
QlhcmEK,Jennifer,Holloway,danielgonzales@hotmail.com,Odesa
CtTUtaky,Sara,Gardner,ayalabridget@oconnor-rodriguez.org,Poltava
phRmEosI,Michael,Stark,jorge66@hotmail.com,Sumy
AdmCT0cK,Susan,Zhang,cody73@petersen-hart.com,Chernihiv
sjrwe8r,Amber,Jacobs,gonzaleselizabeth@yahoo.com,Sumy
qEkProaZ,Tyler,Moore,zamoramark@willis.org,Zaporizhzhia
N7IRHS,Stephanie,Ortiz,williamadams@hotmail.com,Zaporizhzhia
DB4lfON,Shelly,Carpenter,nlucero@lewis.com,Kyiv
EqZ8Wz,Terry,Mosley,robinsonjames@yahoo.com,Zaporizhzhia
L3PXZZ,Willie,Gonzalez,vcoffey@gmail.com,Vinnytsia
K7IMBf,Craig,Hamilton,kdavis@gmail.com,Lviv
axawIPE1,Francis,Jenkins,johnbradford@clark.biz,Kyiv
UEOFRI,Yvette,Hopkins,allison86@archer-morgan.net,Lviv
iM6oBc,Kathleen,Carroll,michaeljohnson@lee-perez.com,Kharkiv
PIh8xt,Jesse,Shaffer,jennifer61@hotmail.com,Vinnytsia
buaVvdeJ,Michael,Hicks,dwilkinson@yahoo.com,Kyiv
dKfVGpK,Jason,Hanson,pittmanterri@duarte.com,Odesa
bBHdtmiL,Robert,Baxter,floresjames@brown.biz,Dnipro
Rat4Xdv,Adam,Gomez,rebeccavillarreal@lawson.com,Kharkiv
p4l754U,Wendy,Hill,jdoyle@morrison.info,Dnipro
A6CV3fwl,Kelly,Conley,jimenezedgar@ortiz.com,Lviv
Ay37tDL,Jason,Holmes,debra93@yahoo.com,Sumy
KmIjGyLT,Luis,Wright,nmartinez@yahoo.com,Odesa
1yuuXX6,Jennifer,Harmon,christopherbauer@gmail.com,Poltava
LASWiTq,Laura,Bullock,anthony36@hotmail.com,Kharkiv
iAz0raz,Luke,Hayes,andrew02@roberts-gutierrez.biz,Odesa
bnKHRHqD,Tammy,Johnson,emilybrown@gmail.com,Sumy
lQ79hV,James,Mills,andrew89@charles.biz,Kharkiv
HJQcuG,Jennifer,Jones,jonathantorres@baldwin.info,Poltava
n7QhHi,Elizabeth,Reed,zmiddleton@ramirez.biz,Dnipro
AdUHLk,Tamara,Thompson,prichards@brady-fleming.com,Lviv
ZKiHUC,Sheila,Gibson,phernandez@gmail.com,Vinnytsia
U2wC9ZzX,Michael,Parker,mcdonaldrobert@hotmail.com,Lviv
xEIYTEQ,Shelly,Roy,ztucker@gmail.com,Chernihiv
fyCaV3K0,Sarah,Smith,amy71@watson.net,Poltava
QxUFgOAx,Laura,Mcdonald,rhill@yahoo.com,Dnipro
ITkNxoV,Tonya,Hall,kwilson@mcclain.com,Lviv
FkMnIL1,Patricia,Gonzalez,matthew14@daniel.org,Dnipro
MmQL2HYz,Ashley,Washington,ghall@yahoo.com,Vinnytsia
YzfEr6Q,Tiffany,Bell,denise19@gray.net,Sumy
W1iHeSMR,Matthew,Johnson,ylopez@yahoo.com,Vinnytsia
oTLc2bRx,Melinda,Porter,jerry37@martin.com,Dnipro
QQ6taffb,Wendy,Johnson,jason88@hansen-davis.biz,Lviv
ac2G6n,Ann,Vaughn,kayla75@gmail.com,Kyiv
C2K3WS,Megan,Schwartz,hinesrobin@hotmail.com,Sumy
uDVTLDPD,James,Johnson,jeffreybennett@gallagher.com,Sumy
rctkUW,Alexa,Lee,maryparker@yahoo.com,Dnipro
gbin3KkY,Donald,Schroeder,folsen@turner.com,Odesa
6Y9i5Fpg,Emily,Farrell,shelialucas@johnson-fowler.biz,Lviv
VXz3Ks,Dawn,Howell,nataliecook@allen.biz,Kharkiv
fLIFez,Karen,Valenzuela,jvance@yahoo.com,Chernihiv
Ad12Q3,Terri,Johnson,michaelnelson@gmail.com,Odesa
7IjrV2ll,Sheila,Wilson,montgomerystacey@gmail.com,Odesa
WaxAgM4,Andrea,Lee,pscott@yahoo.com,Kyiv
EiQCgW,Michael,Barber,rachel78@brown.com,Lviv
O2WIuF,Jennifer,Smith,rodgersjames@yahoo.com,Lviv
pvb3Oj4,Todd,Dennis,ginajohnson@hotmail.com,Odesa
OjvWd5C,Timothy,Nelson,ericawilliams@wilson.com,Kharkiv
KxcY6XQ,Robert,Keller,nsmall@richards.com,Kharkiv
ewlcDs,Jeremy,Olson,wellsjames@gmail.com,Sumy
HEPuaVU,Brandy,Garcia,mbell@hotmail.com,Sumy
pxHE6BzA,Deborah,Duncan,kellyvargas@gmail.com,Kyiv
rzGBfbnN,Danielle,Wheeler,adam93@yahoo.com,Zaporizhzhia
UEnosIO,Bridget,Hoffman,wheelerjohn@holt.org,Dnipro
DjouRfb,Susan,Gordon,qmartin@rogers-hernandez.com,Poltava
dYqsnu,Judith,Schultz,natasha11@williamson.biz,Vinnytsia
89nsrv,Linda,Martinez,lmcguire@hotmail.com,Kyiv
cHXQ0Zf,Tammy,Hodges,fallen@short.com,Zaporizhzhia
1VxYp03U,Joseph,Steele,katherine67@hotmail.com,Lviv
ObkEJ6,Sara,Castro,perrytyler@gmail.com,Dnipro
bSgmTj8q,Alfred,Gray,katherine52@hotmail.com,Vinnytsia
Zkide8GZ,Richard,Skinner,dsmith@baker-warner.com,Lviv
DS1dQz,Danielle,Deleon,richardmurray@mcdaniel.info,Vinnytsia
6EeN4C,Lawrence,Reed,hansenamanda@gmail.com,Chernihiv
UyBbOb7M,Aaron,Parks,stephensrichard@yahoo.com,Chernihiv
E5Rw5H6l,Gerald,Rush,douglaswood@hotmail.com,Lviv
KPkW5Dka,Alexandra,Campbell,kimberly50@hotmail.com,Kharkiv
bwBAUh,Cassandra,Garcia,pachecojennifer@gmail.com,Poltava
mYsPD9,Michael,Graham,ubush@gmail.com,Odesa
9vVuUPZ,Samantha,Shaw,frank31@hotmail.com,Poltava
RTp76LKt,Regina,Evans,winterskeith@holmes-whitaker.com,Lviv
ZqiXpJWd,Alicia,Le,brichards@gmail.com,Poltava
Hku2QV,John,Harris,joshuaturner@hotmail.com,Sumy
skhOix,Anna,Zuniga,patricia30@schroeder.com,Sumy
A5sQyo,Timothy,Lawson,stevecollins@andrews.com,Chernihiv
28lgoDDN,Kevin,Johnson,amber04@holden.com,Vinnytsia
47BKaK,Olivia,Stone,cheryl16@johnson-martin.biz,Lviv
Oe0i7hSE,Frank,Thomas,swashington@hammond-peters.org,Vinnytsia
zVdFAac,Marco,Alvarado,tmiller@thompson-simmons.biz,Kharkiv
UiUMgcS,Ian,Mitchell,erinleon@gmail.com,Vinnytsia
MUxM11,Tracy,Smith,mdavis@small.com,Poltava
5wYicYeP,Rebecca,Davis,tjackson@yahoo.com,Chernihiv
964Mhz,Daniel,Preston,carol71@yahoo.com,Vinnytsia
XFQILF,Rachel,Kim,xmitchell@hotmail.com,Sumy
F7rgPfr,Raymond,Rojas,tylerjones@garza-sexton.com,Lviv
vdEqnHmd,Victoria,Scott,brandi74@fuller-ramos.com,Lviv
Qw8W8Dwm,Jenny,King,luismiles@hotmail.com,Lviv
8EZSj8,Jennifer,Gill,boonejeremy@harrison.info,Poltava
KrM4xQ8,Courtney,Martinez,robert59@yahoo.com,Lviv
KnMTsgV1,Carmen,Thomas,rlyons@williams.net,Zaporizhzhia
yPRZ1S1l,Ryan,Barrera,stacy85@hotmail.com,Chernihiv
OZAuSWa,Sarah,Burgess,davidwilson@kim.com,Sumy
GslCT6Te,Leah,Stone,qmclaughlin@gmail.com,Odesa
0dQafB,Bailey,Boyer,carlgarcia@hotmail.com,Sumy
SNKNay,Randy,Ward,matthew85@yahoo.com,Kyiv
TckjBw,Adam,Ware,jennifer34@chang.com,Poltava
PVoMVe,Daniel,Miller,ipacheco@moore-moore.com,Kyiv
41C80h,Jeremiah,Ellis,ambersmith@gmail.com,Chernihiv
dEIXpedu,Ronnie,Cruz,brian20@graves-martin.com,Lviv
5k485Am,Victoria,Turner,marykelly@reynolds.com,Kyiv
aZb6Hd5I,Timothy,Diaz,cassandracampbell@stephens.com,Odesa
4Mt5eDh,Kristie,Garcia,christopher62@ramirez.com,Vinnytsia
9x0ukO2j,Amber,Brady,ritterrobin@yahoo.com,Zaporizhzhia
sBDDhR,Clarence,Lewis,dominiquemoss@hunt-martin.com,Poltava
THam24,John,White,richardbrooke@wolf.net,Zaporizhzhia
ZptOk3r,Natalie,Rose,scottjohnson@waters-gutierrez.info,Zaporizhzhia
1IMhRh,Tina,Moore,john52@yahoo.com,Dnipro
1GXij08,David,Taylor,christopher21@hotmail.com,Sumy
LxWWzzeh,Linda,Johnson,juanthomas@hotmail.com,Kyiv
IJMydl,John,Miller,cwilliams@johnson-myers.net,Lviv
g7ZitYq,Brittany,Dixon,nicole07@lee.com,Dnipro
GCRVvO,William,Burke,zmurphy@tucker-gentry.net,Lviv
lL7iqn,Eric,Mccarthy,angela21@li.net,Kharkiv
JamQNR,Robert,Hunter,uschmidt@williams.com,Kharkiv
6imX5V2,Cassandra,Hernandez,carterjohnathan@gmail.com,Chernihiv
UG6QEGa,Diane,Russo,freemankelsey@gmail.com,Kharkiv
UgwJhh1,April,Greer,xanderson@choi-richard.net,Kharkiv
669Cz9gF,Mary,Lam,briannawilliams@spears.info,Vinnytsia
THYLjHU,Aaron,Miller,olivererika@gmail.com,Kyiv
dLffxm,Sharon,Spears,danahall@maldonado.org,Sumy
sGKISxh,Carlos,Warner,craigsimpson@gmail.com,Vinnytsia
XsiJH2,Robert,Ali,vterry@hall-vance.com,Lviv
yLCcSvW,Elizabeth,Perez,parkerjason@fox-bray.com,Zaporizhzhia
exw077qO,Donna,Sanchez,zadams@huber.com,Odesa
r1ugrs,Keith,Glenn,luketaylor@sullivan.org,Kyiv
dJHEtD,Amy,Morales,david37@yahoo.com,Zaporizhzhia
VB32H0,Robert,Allen,wolfejohn@marsh.com,Poltava
RTUW6B9f,Martin,White,chadlutz@yahoo.com,Kyiv
ojCZnDg,Christopher,Baker,wigginsvanessa@clark.org,Lviv
pClMoCJm,Beverly,Wilson,strongsamantha@hotmail.com,Poltava
c43YlgS,Daniel,Lopez,cranebradley@yahoo.com,Lviv
ypHbmF0l,Robert,Daniels,mariah84@norman.net,Chernihiv
8CXFvC9,Derek,Bates,ssanchez@bryan-ritter.com,Chernihiv
Zfpj03FL,Christopher,Simpson,nathanielparker@lee.com,Kyiv
3KbtK309,Caroline,Ritter,christy79@phillips-little.com,Kharkiv
OPJzYTLs,Victor,Moreno,kathymartinez@thompson.com,Dnipro
a0VnWHQ,Ashley,Jensen,cgalvan@wells.info,Kyiv
Vtac1uN,Mitchell,Gomez,walkerwilliam@johnson-wilson.com,Kyiv
ZENZKGQi,Scott,Thompson,rebeccafreeman@russell-russell.org,Chernihiv
RtIlsvpB,Robert,Martin,gcrawford@gmail.com,Zaporizhzhia
oLMdGF,Jasmine,Cannon,fernandezchristopher@williams.net,Dnipro
D0H9ex,John,Chang,jacob58@hotmail.com,Poltava
6k0C7IF,Todd,Dominguez,becktina@hotmail.com,Zaporizhzhia
FRUite,Mitchell,Roberts,erinrodriguez@carroll-henry.com,Kyiv
j0R44W,Matthew,Williams,andrewcruz@gmail.com,Kharkiv
FppDQYH,Emily,Arnold,gregorylawrence@gmail.com,Kyiv
vvn5EG,Michelle,Lee,tranrichard@gmail.com,Lviv
bSSJARX,Brenda,Price,david18@gmail.com,Lviv
83BIkmX,Lacey,Kim,ann20@montgomery-livingston.org,Odesa
pTeJvI,Steven,Nguyen,krista80@hotmail.com,Kyiv
nWfdvIz,Rachel,Mendez,dfreeman@yahoo.com,Dnipro
6NoR7VMU,Ronald,Jackson,zfernandez@hotmail.com,Kyiv
4DUCl9,Danielle,Adams,jesse54@yahoo.com,Dnipro
2VMNcKO,Nicole,Ortiz,iking@wheeler-tucker.info,Kharkiv
J57cpGb5,Tony,Frey,rileydeborah@hotmail.com,Poltava
IHhHas0,James,Lynch,clarence64@adams.com,Lviv
NIaK41Yw,Erica,Chang,arobertson@rodriguez-wood.net,Odesa
2QiURByw,Rebecca,Sanders,mcculloughaaron@velasquez.info,Kharkiv
3NXApX,Michael,Jacobson,tpeterson@reyes.com,Chernihiv
6Htdd7,Carrie,Martinez,sgray@hotmail.com,Zaporizhzhia
An9JehB,Phillip,Moore,johnsonsteven@gmail.com,Lviv
8w434Y,Raymond,Lee,stonechristopher@yahoo.com,Sumy
IMar6Xzy,Jason,Reid,kevinmayer@gmail.com,Zaporizhzhia
AnDBdAS,Catherine,Garcia,justindavidson@villegas-liu.net,Dnipro
GOaa1aiU,Donald,Baker,collinsmichael@yahoo.com,Vinnytsia
Dk4PSIW,Lisa,Holmes,steven30@hotmail.com,Chernihiv
oQxNBM,Samantha,Mcdaniel,lstark@gmail.com,Odesa
lK3oElj,Jean,Thompson,marissa20@hotmail.com,Dnipro
KYyWTB,Mark,Abbott,collinsdaniel@yahoo.com,Kharkiv
0CtUw7r,Mario,Harris,abbottcurtis@yahoo.com,Sumy
gBAR9L,Rebecca,Hamilton,dgray@gmail.com,Lviv
Jg8iETvX,Jerry,Peterson,ejennings@hotmail.com,Vinnytsia
U1Y2F8,Jessica,Tran,kimberly70@hotmail.com,Lviv
X3T52lx7,Debra,Gomez,angela56@jones.com,Poltava
1smiG2d,Michael,Mullen,rodney46@yahoo.com,Kyiv
pPWjprE,Andrew,Anderson,youngsamantha@spears.com,Kharkiv
1gqVbsE,Scott,Charles,washingtonteresa@yahoo.com,Sumy
YTEPbCI,Janice,Newton,mackenziechang@gmail.com,Vinnytsia
1DG8N5H,Cindy,Holmes,xrichardson@mendez.com,Zaporizhzhia
4hGMxKY,Margaret,Garcia,umiller@vaughn.org,Dnipro
saZtTn,Ricky,Nicholson,ylucas@yahoo.com,Dnipro
1etLyJ,David,Reynolds,rushashley@lee.biz,Sumy
hwrtyw4o,Kathleen,Thompson,emilycase@ross.net,Vinnytsia
oisvZ6,Scott,Marquez,obrienjohn@carson.org,Vinnytsia
DgOOc37V,George,Boyd,sethchapman@huff.biz,Kyiv
xsFIdAn,Amanda,Miller,martinezlynn@campbell.com,Kyiv
1Pp3VJ6E,Steven,Bates,brownjoseph@jenkins.com,Poltava
WNA2DHP,Christopher,Lewis,maureen10@hotmail.com,Vinnytsia
JRmGu0z,Ashley,Whitehead,dixontodd@mills.com,Kharkiv
81YKLm9J,Sandra,Russell,hgriffin@gmail.com,Vinnytsia
c7R9H3th,Alexis,Garrett,zrobinson@barker-king.com,Odesa
wp9d0Eqm,Joyce,Garrison,markromero@jenkins-martinez.com,Odesa
CzEaPVN,Austin,Rivera,cvargas@gmail.com,Zaporizhzhia
A6qvNc7b,Cassandra,Fletcher,kristinasavage@yahoo.com,Zaporizhzhia
IYYJP22Y,Christopher,Hansen,whatfield@yahoo.com,Kyiv
TbrRPQ,Paul,Hines,williamswilliam@yahoo.com,Zaporizhzhia
HxzkL3v,Marc,Jackson,juan41@haney.com,Zaporizhzhia
YTQyOsM,Michael,Clark,fostercarrie@hotmail.com,Vinnytsia
2ak9xBn,Adam,Mann,lynn08@cordova.com,Zaporizhzhia
WQAfhcN,Donald,Patterson,brianmatthews@yahoo.com,Odesa
benTf2,Amy,Montgomery,barbara37@lambert.com,Kyiv
aeUERCF,Marcus,Wade,travisliu@payne.com,Poltava
BAbO5iR,Traci,Evans,wattssue@harris.com,Sumy
qiJ6Eu,Joseph,Reed,langchristine@yahoo.com,Kyiv
2yoP5w,Dennis,Gardner,nicholas12@davis.com,Chernihiv
X2Owjffy,Gerald,Howard,jon14@yahoo.com,Kharkiv
kM1h5XRR,Paul,Anderson,wsullivan@yahoo.com,Dnipro
lKmCvF,Lori,Williams,pennymartinez@ford.com,Dnipro
Kl0WNJly,Nicole,Swanson,pschmidt@hotmail.com,Odesa
qlmkBzV,Danielle,Green,angela99@chen-jackson.biz,Poltava
6cKjb6,Ashley,Riddle,davidalexander@wheeler.com,Kyiv
IeqcWv,Brandon,Wright,rhicks@yahoo.com,Vinnytsia
RSYqbcQz,Sarah,Hart,billjohnson@hunt-rivera.com,Chernihiv
tgJCBSTQ,Emily,Oneal,gregorybautista@hotmail.com,Poltava
T5yM5i5,Anne,Frank,kennethunderwood@hotmail.com,Vinnytsia
KjCjuE,Patrick,Jones,dandrews@gmail.com,Kharkiv
qm8pFx,Wendy,Allen,jessica27@foster.com,Chernihiv
d0zctBVF,Jill,Acevedo,angel02@yahoo.com,Vinnytsia
hzZiiVK,Timothy,King,lauren11@ramsey.net,Poltava
c8QpLHh,James,Cabrera,marissa74@gmail.com,Zaporizhzhia
Guw0mtsG,Pamela,Douglas,hartoscar@yahoo.com,Kyiv
Jjx0bn,Victor,Phillips,robert55@meyers.com,Kyiv
e505oVa,Patricia,Smith,robertcollins@hotmail.com,Kyiv
wkhOY3a,Kenneth,Blackburn,ymcdaniel@gmail.com,Kyiv
wVcJZmm,Ashley,Kaiser,nrandall@yahoo.com,Vinnytsia
cHHcRl7,Lisa,Hicks,michaelwilliams@wilkins.com,Zaporizhzhia
O23FCzgZ,Chad,Rodriguez,adam71@hotmail.com,Zaporizhzhia
FvrO4LCB,Evan,Schmitt,rebeccabeck@hernandez.com,Kharkiv
yqLSLW,Brian,Jordan,sperez@yahoo.com,Odesa
vTypIBMP,Allison,Wilson,amber41@harris.net,Vinnytsia
K3dMDsJ,Jacqueline,Oconnor,adamhodge@blair.com,Lviv
6P2Ydqbs,Jason,Anderson,zconrad@yahoo.com,Lviv
EIhqqVk,Sheila,Ritter,castroalexis@yahoo.com,Chernihiv
IiO9J3,Monique,Evans,robert85@yahoo.com,Lviv
azIKjSO,Scott,Collins,aaron69@yahoo.com,Lviv
WuALoc,Rachel,Powell,uknox@yahoo.com,Poltava
RGfH27R,Heather,Black,jeremy31@yahoo.com,Odesa
tlw3mM6,Sean,Vasquez,ronaldbrown@smith.com,Zaporizhzhia
UTbA15I,Steve,Brown,xochoa@wong.com,Odesa
QpCaOpn,Connie,Preston,lcampbell@smith.org,Poltava
fLhJIPAn,Kathy,Tucker,valerietorres@parker-myers.net,Kharkiv
dXaYkvcf,Chelsea,Wade,tracy18@hotmail.com,Poltava
LdlN2r,Matthew,Leblanc,mendozajohn@ellis.com,Chernihiv
dT1bQ1q,Danielle,Johnson,gparker@yahoo.com,Odesa
o7gDY1l,Rachel,Gutierrez,kimberlybarry@dennis.com,Dnipro
0gfAN9V,Gabriel,Perry,dhernandez@medina.biz,Dnipro
d7zuZM,Christine,Lane,emily80@yahoo.com,Zaporizhzhia
3O1VqMbN,Sheila,Thomas,zbrown@moore-sullivan.net,Sumy
2utZmfe,Lisa,Powell,jack94@yahoo.com,Dnipro
KW3Flb,Bryce,Morris,udixon@gmail.com,Vinnytsia
MmedHFy0,Ethan,Lyons,idiaz@daniel.com,Sumy
oVDIbPX,Richard,Harris,crystalmartin@brooks-alexander.net,Kyiv
5Bm9XM,Christine,Hooper,joseph33@hotmail.com,Dnipro
M16fvd,Jonathan,Parsons,johnmayo@gray.com,Kharkiv
UItiV1K,Sharon,Garza,monicawallace@yahoo.com,Poltava
xAZW3H,Amy,Booker,april55@blankenship-monroe.com,Odesa
gNt4sBn0,Ashley,Ramsey,eric34@mills-david.info,Chernihiv
5ePPuTPn,Gabriella,Taylor,amandapearson@hotmail.com,Chernihiv
K3EFFt,Amanda,Williams,hlopez@yahoo.com,Poltava
GAt4IC,Grant,Martinez,johnhawkins@yahoo.com,Lviv
2T8Izk0,Paige,Carter,sbaldwin@hotmail.com,Kyiv
RdJy6T,Kenneth,Miles,patrickjohnson@carter-white.com,Kyiv
OuwNOHwC,Eric,Jones,ehurst@barr.com,Kyiv
l6hPzt,Charlotte,Jimenez,peterfrank@gmail.com,Odesa
34JRVM,Jonathan,Alvarado,taylorkimberly@morgan.com,Odesa
POQ5an1U,Michael,Taylor,stacybarnes@pena.org,Dnipro
EI6AjF,Lauren,Torres,vmiller@anderson-ferguson.com,Kyiv
HketJU,Ruth,Mendoza,thomas68@mcmillan-young.net,Sumy
KdCOtdi,John,Howard,gilbertamanda@gmail.com,Sumy
JAgRm3,Joyce,Mullins,haydenking@gmail.com,Odesa
NaOoIKq,Barbara,King,james32@hotmail.com,Zaporizhzhia
jnWdjLGO,Amanda,Orozco,fking@daniels.com,Odesa
rRbzWB0i,Gregory,Kent,vbates@gmail.com,Lviv
ZqtFAqK,Ashlee,Henry,danielharris@yahoo.com,Kyiv
GW0Q3wzI,David,White,jonathan53@hawkins.com,Vinnytsia
6Vcpld,Misty,Martin,larrygalvan@gmail.com,Poltava
IMRyQN,Noah,Campbell,freilly@patton-dunn.net,Dnipro
4xzbux02,John,Hughes,peterrose@li-simmons.com,Kyiv
AVXO9Ep,Peter,Jones,philip25@johnson.com,Poltava
E1zwq9P,Lisa,Valdez,gibsonvincent@wallace.com,Kharkiv
kjqmOTc,Eric,Boone,christian54@gmail.com,Lviv
1tWOYVoh,Derek,Smith,abentley@jacobs-reyes.info,Lviv
pzxyTtrz,Gwendolyn,Martin,pmurphy@tran.org,Zaporizhzhia
jDpwp52f,Johnny,Miranda,juliamcgee@page-nguyen.biz,Dnipro
H3x66Ej,William,Bowen,nmiller@ramirez.com,Lviv
WJprrKKW,Christopher,Rivera,joseph53@yahoo.com,Zaporizhzhia
UrmtiNBn,Andrew,Patterson,david83@williams-baker.com,Vinnytsia
cr8Yyz,William,Vargas,anthonywilliams@graham.net,Poltava
UaVqnL,William,Mason,andersonlindsay@yahoo.com,Dnipro
gSrDiXJu,Elizabeth,Turner,vmartinez@hotmail.com,Chernihiv
PpmTUojA,Tammy,Lucero,paulgarcia@hotmail.com,Odesa
RFmiWijo,Michelle,Hernandez,christopherwalker@gmail.com,Zaporizhzhia
7fMSI9O,Scott,Rogers,natashaduncan@garza-knight.org,Kharkiv
iFcd9505,Erin,Brown,zjohnson@hotmail.com,Zaporizhzhia
o7GdYG9,Cassandra,Walker,kelsey57@gmail.com,Kyiv
e2R4D8N,Pamela,Lyons,olindsey@wagner-ford.info,Chernihiv
XsEy5DCm,Scott,Cox,tperez@yahoo.com,Kyiv
GEO9LpF,Victor,Ford,rogerchapman@schmidt-whitehead.info,Odesa
DIVOs8Md,Kelly,Hernandez,cory28@may.com,Lviv
f8E9GSf,Christine,Livingston,adamwebb@armstrong.com,Vinnytsia
rsvIxVDV,Veronica,Dixon,lking@shaw.com,Kharkiv
TPxPMOyu,Victoria,Mckee,hillamy@gmail.com,Lviv
RWZb7yIC,Travis,Wells,ann45@hotmail.com,Poltava
09haK2,Alex,Johnson,bnguyen@hotmail.com,Vinnytsia
FV6ymEOY,Richard,Alvarado,llopez@ruiz-anderson.net,Kyiv
U3xBPPDU,Scott,Schneider,herrerabrian@kemp-zuniga.com,Vinnytsia
vb9qLk9w,Dennis,Hardy,bwright@yahoo.com,Vinnytsia
8YUT3n,Christopher,Townsend,gsmith@gmail.com,Zaporizhzhia
EP1rnmN,Michael,Rivas,michelle48@lane.info,Chernihiv
rKtc0cg,Joyce,Jackson,qbrown@collins.biz,Zaporizhzhia
RZ7A8ts,Ronald,Valenzuela,april38@yahoo.com,Zaporizhzhia
gs8HWxBO,Angela,Kennedy,valerie58@white-nunez.info,Odesa
rI0rEp,Sara,Sutton,fordtraci@gmail.com,Sumy
TEmZYD94,Anthony,Smith,margaret32@sheppard.biz,Dnipro
o01Agu0W,Michael,Finley,smithjohn@moore-martin.biz,Sumy
teTMIrhD,Tracy,Williams,nspencer@yahoo.com,Dnipro
ILZA2Vm,Alexandria,Jones,daniel47@daugherty-taylor.com,Kyiv
AgByMLCV,Laura,Burke,jacquelinedixon@guerrero-espinoza.net,Dnipro
r7YFvI,Collin,Wright,msummers@salazar-carr.com,Poltava
ndyvG64Z,Kelly,Blair,wsmith@smith.info,Sumy
BqtCKog,David,Ramos,duartechristine@long.com,Chernihiv
zgTmm02,Michael,Jordan,rreyes@gmail.com,Lviv
vM1iRoj,Kyle,Freeman,robertroberson@lopez.com,Odesa
BhEEkJU7,Heather,Walters,kwolf@burke.com,Vinnytsia
bJfmiZ,Luis,Nelson,angelabanks@hotmail.com,Sumy
5FhaJ2G5,Mark,Edwards,mrodriguez@gmail.com,Odesa
1NMNC1,Kyle,Johnston,piercejennifer@warren-caldwell.org,Odesa
4hy5VJ,Rachel,Scott,rdorsey@lee-sanchez.info,Kyiv
Qdabeo,Lisa,Mendez,sotochristopher@gmail.com,Dnipro
ROqAMi,David,Wilcox,alice59@kirby-mcmillan.org,Odesa
PjqfgESU,Lori,Warren,zachary05@yahoo.com,Lviv
K4F6vZXb,Paul,Johnson,prush@molina-reyes.info,Vinnytsia
DaQGTKH,Christopher,George,rmora@robertson.org,Dnipro
MWJMpGZr,Elizabeth,Hess,cynthia26@yahoo.com,Kharkiv
U7ckMXiF,Sherry,Rios,mlozano@jones-black.com,Dnipro
vQeh1t,Christopher,Mullins,brewerkurt@yahoo.com,Lviv
dtzEEH,Mary,Esparza,richard74@martin.net,Dnipro
y9fmMDih,Joseph,Coleman,hayleypope@gmail.com,Zaporizhzhia
GOwHUzKV,Lisa,Johnson,sbaker@hotmail.com,Sumy
OFQRl7Er,Joseph,Dunlap,ymiller@gmail.com,Chernihiv
M5ZKfU2,Joshua,Hensley,carlosestrada@yahoo.com,Poltava
jIZpwL,Crystal,Anderson,johnhamilton@gmail.com,Kharkiv
qRvsgw,Ashley,Hall,jason16@stewart-riley.com,Vinnytsia
mwcuOaro,Jose,Reed,meadowstami@gmail.com,Odesa
vdhti7F,Christy,Roy,jlewis@rogers.info,Poltava
DzyRHz3e,Michael,Brown,lucas24@moody.net,Kyiv
SiPmkl,Mary,Juarez,david64@gmail.com,Poltava
oUafzn,Cassandra,Lewis,loweryderek@gmail.com,Kyiv
6NAWw8pk,John,Santiago,blakemichelle@yahoo.com,Dnipro
FM78skmz,Jennifer,Thomas,melissakhan@hotmail.com,Lviv
2nZMUGwA,Anthony,Carr,holmesmason@gmail.com,Dnipro
yR01u1,Richard,Glenn,george94@johnson.com,Chernihiv
9kyPQE,Larry,Parker,kennethroberts@casey.net,Kharkiv
0PwGCwGV,Edwin,Berger,kristencooper@gmail.com,Vinnytsia
GTgjbjOy,Thomas,Lane,christopherwebster@gmail.com,Dnipro
jJR3pefN,Matthew,Schroeder,isaac63@gmail.com,Chernihiv
olnEF0,Jason,Johnson,gjensen@yahoo.com,Kharkiv
ekcpgg,Beth,Odom,christinaanderson@gmail.com,Lviv
lMeTE037,Tristan,Wilson,brianperez@yahoo.com,Chernihiv
5or6e9,Patrick,Gillespie,gpena@hotmail.com,Kharkiv
o6mHaz,Vanessa,Hernandez,mfinley@yahoo.com,Kyiv
1HPcuDGs,Leonard,Powell,elizabeth60@ryan.com,Chernihiv
EsFUIb,Jeffery,Perry,kevin50@williams.com,Chernihiv
iCrTdG,Michael,Moses,kenneth20@oneal.org,Zaporizhzhia
sBrI536,Ivan,Thomas,danielsrodney@thornton-simpson.net,Lviv
nMDSj4f,David,Peterson,lawsoncaitlyn@reid.com,Kharkiv
znXqzi19,James,Hawkins,brownnicholas@hotmail.com,Kharkiv
Pyy8wlK,Tonya,Moss,jaredmoore@gmail.com,Odesa
QRNzfUs,Kimberly,Robinson,schmidtdavid@gmail.com,Lviv
W7tHXFK,Matthew,Lee,rboyd@maynard.info,Zaporizhzhia
SxqopQv,Danielle,Ball,fanderson@foster.com,Kyiv
WDliOh,Oscar,Martinez,carsonteresa@wagner.com,Dnipro
w3cjRC,Alexander,Guerrero,michaelwilliams@whitehead.info,Kharkiv
CNOlbhr,Ivan,Vaughn,gmatthews@johnson.info,Poltava
nzPBBxa,Edward,Riley,dennismartin@smith.com,Poltava
wlmxF5,Eric,Little,uthompson@castillo.info,Kyiv
jjCZzlh,Kelly,Brooks,kbaker@martinez.biz,Kharkiv
mmCjaBK,James,Brown,jeremy49@rogers.biz,Odesa
f2qHaljS,Raymond,Reid,leonsilva@hotmail.com,Odesa
6QbBd6b0,Lauren,Clark,ortegajennifer@gonzalez.biz,Vinnytsia
zvvfrQGp,Jack,Brown,gfreeman@hardy-scott.info,Odesa
gGB0J2Cm,Patrick,Turner,ffoley@gmail.com,Lviv
vQXnI7,Douglas,Berry,paige18@gmail.com,Zaporizhzhia
oyZYsX,Tracey,Simpson,jeffrey95@hotmail.com,Odesa
TVbIjbwV,Gina,Ward,fjohnson@gmail.com,Zaporizhzhia
7iqORfx,Matthew,Roberts,nowens@hotmail.com,Dnipro
xsLptUR,Leah,Mejia,theresabrown@robinson.biz,Sumy
tOQ8Hiyy,Amber,Stokes,dawn42@lynn-hansen.com,Zaporizhzhia
NUqFk9A,Jodi,Landry,ianbeard@rogers.org,Vinnytsia
GSpQqDv,Raymond,Rodriguez,anne36@gmail.com,Zaporizhzhia
A1UU7JZ,Derek,Lopez,jburns@yahoo.com,Odesa
V1ERsVtA,Keith,Gardner,emilyhumphrey@woodard.com,Sumy
RnZiiT2,Amber,Morris,lesterlori@yahoo.com,Poltava
eKI5fBC,Angela,Brown,ortegachristopher@gmail.com,Vinnytsia
yqGXKi,Antonio,Miller,qdorsey@washington-meza.com,Vinnytsia
zxSvlv,Summer,Davis,collinscrystal@booth.com,Vinnytsia
wmMW8S,Misty,Hall,jonathanpacheco@moses-mercado.com,Vinnytsia
GxXjkKQ,Patricia,Dunn,kimtrujillo@fox-jordan.com,Odesa
tUlXhRG,Anthony,Smith,chelsea77@yahoo.com,Zaporizhzhia
b1nzBt,Katherine,Smith,caleb73@simpson.org,Vinnytsia
TiJQD31,Vincent,Bryant,mallory58@beasley-kennedy.net,Lviv
CHylMxP,Jacob,Jackson,brianlawrence@miranda.com,Poltava
4ZLi5G,Julie,Burns,ydelgado@ellison.org,Poltava
GCG7DW,Ivan,Doyle,powelltamara@hotmail.com,Lviv
m6YBUl,Michele,Riley,brenda45@byrd-gentry.biz,Odesa
7Es3KLz,Krista,Martin,jenny01@mccormick-smith.info,Chernihiv
SKCo2Q,Scott,Crawford,codyburgess@andrews.com,Kharkiv
skWr9H,Bradley,Berry,qcunningham@adams.com,Zaporizhzhia
pB8vsJXg,Joshua,Flores,williamsleah@wyatt-lee.biz,Odesa
rI9yQlAp,Maria,Barker,joneslisa@coleman.biz,Zaporizhzhia
p4ZKruD,Julie,Levy,qwilliams@yahoo.com,Poltava
idsnne6X,Betty,Humphrey,vscott@stevens.com,Kharkiv
GT3axHNn,Brandy,Ellis,erik94@mcknight.com,Chernihiv
5oxDpyJy,Rachel,Schultz,gardnerlaurie@gmail.com,Odesa
JTLxHsIV,Billy,Carter,jeremiahwilson@fletcher-chandler.com,Zaporizhzhia
4i5WseO,Alexis,Zhang,sullivanpaul@yahoo.com,Kharkiv
DdON6plc,Melissa,Hall,dunlapraymond@gmail.com,Odesa
LqLxaTo,Christopher,Orr,gtaylor@hartman.com,Poltava
W4qwQiXF,Jared,Hodges,emcmahon@stone-dillon.com,Vinnytsia
2Zv6BRhA,Alyssa,Gibbs,sarah40@lowe.net,Poltava
zFS1sq,Steven,Montes,thomastara@hotmail.com,Vinnytsia
q8n4hZTV,Peggy,Francis,maureen06@yahoo.com,Chernihiv
KXSUcvlH,Lisa,Howell,michael65@gmail.com,Vinnytsia
NZr60P4l,Jamie,Castillo,aguerra@barrera.biz,Zaporizhzhia
kv00Ob,Autumn,Collins,qsnyder@gmail.com,Sumy
TAAniE,Michael,Thomas,jack36@sanchez.com,Dnipro
NOjOpG,Michael,Roy,chrislong@gmail.com,Chernihiv
GpjYMz,Brent,Mays,michael05@hotmail.com,Vinnytsia
oHBvn7a,Monique,Schmidt,lprice@fleming-manning.biz,Sumy
cL3joawZ,Katherine,Bowman,joshuarusso@yahoo.com,Lviv
zJ2IrI,Allen,Moore,jamessims@lee-williams.com,Zaporizhzhia
OPwrn4A,Colin,Martin,david57@smith.com,Kyiv
ILhLCyGr,Nicole,Bonilla,wpineda@hotmail.com,Vinnytsia
oIkci4N,Gregory,Ortiz,tanya87@yahoo.com,Vinnytsia
pX8Ehchw,Devin,Davidson,lindsaysmith@hotmail.com,Sumy
JT8i4K,Heather,Mills,veronica04@gibbs-day.com,Chernihiv
SBrM790,Cody,Vaughan,lorigonzales@miller-smith.com,Lviv
TuGCYG,Alexis,Powell,wmcguire@hotmail.com,Zaporizhzhia
v17fwVN7,Aaron,Bradford,uarnold@yahoo.com,Lviv
b2YdNR,Rebecca,Martin,jim76@cole-reed.com,Lviv
uqzuSgs,Margaret,Fields,slowery@hotmail.com,Dnipro
n0Q28RMG,Ashley,Lewis,moralesnicholas@hotmail.com,Kharkiv
KrH3yVVq,Rachel,Guerra,ufrancis@yahoo.com,Zaporizhzhia
b0qHYs2R,Autumn,Lee,hansenricardo@hotmail.com,Odesa
IG3ap3,Brandon,Kline,athompson@yahoo.com,Odesa
2x12Iyp,Alexander,Cummings,kimbarrett@yahoo.com,Vinnytsia
z7O3JjTl,Kimberly,Robinson,charles92@gmail.com,Kharkiv
usxBTnV,Jill,Dean,kathleendodson@hall.com,Sumy
haVWfM,Jared,Finley,bmurphy@yahoo.com,Odesa
8Jno9u,Michelle,Myers,bmunoz@schwartz.info,Sumy
UN7jFF,Richard,Morris,lgregory@gmail.com,Kyiv
UXuzoG,Deborah,Higgins,robert22@gmail.com,Zaporizhzhia
9g1nYN,Seth,Brown,carolyn34@edwards.com,Kyiv
thQIN1th,Chris,Short,thompsonvictoria@gmail.com,Poltava
0MBH1p,Melissa,Romero,jorgemorgan@hotmail.com,Lviv
mFrBBby,Cory,Rogers,lopezbryan@gmail.com,Kyiv
A21BVZ,Jason,Rivera,michaelfernandez@brown.com,Kharkiv
1NrFUw6d,Tonya,Ward,cwilson@gomez.net,Dnipro
TUTlnM,Matthew,Cooley,christinasmith@yahoo.com,Sumy
xjpxyU5,Elizabeth,Mullen,butlermarcia@johnson.org,Chernihiv
da32Dv,Jennifer,Zamora,amandabaker@hotmail.com,Zaporizhzhia
7FbSGg1c,Ricardo,Young,darlenewarner@hotmail.com,Sumy
b676NNh,Travis,Bailey,douglasjose@craig.com,Dnipro
WzjRgWri,Matthew,Martinez,alexis03@powell-smith.com,Kharkiv
9SYA5j7,Juan,Little,mitchell09@jimenez-bowman.com,Vinnytsia
Ey1ogLk,Douglas,Craig,lisa69@dillon-walton.com,Zaporizhzhia
s0t7Dr,Kevin,Douglas,destiny23@hawkins.com,Vinnytsia
Kf2N9Pd,Christine,Ferrell,hayden79@hotmail.com,Lviv
TAa6rX5,Brandon,Bell,vlane@hotmail.com,Chernihiv
48sHKR,Ryan,Griffin,michael66@thompson.biz,Zaporizhzhia
WqjcuZSs,Jessica,Greene,oscar75@gmail.com,Kyiv
w3pCLI,Janet,Martin,karenmorales@yahoo.com,Dnipro
cFWzasS,Morgan,Miller,davenportkristine@diaz-robles.info,Lviv
HodXfcho,Matthew,Mills,reynoldsrobert@lee.com,Chernihiv
OYFHZF4L,Melissa,Benitez,parrishjennifer@nolan.biz,Vinnytsia
5eSKRL,Elizabeth,Rivera,griffithsusan@peterson.com,Dnipro
9lMI6MP,Daniel,Nichols,daybrandy@yahoo.com,Kyiv
Zi2lBj,Adam,Perez,lori99@davidson.org,Vinnytsia
FZz2vrlY,Jeremy,Morris,joseph39@lopez-young.com,Dnipro
1XH0i41S,Catherine,Morrison,meganmartinez@hotmail.com,Odesa
wLeWkJLf,Amber,Sullivan,emmawilson@hotmail.com,Kharkiv
5scktroF,Aaron,Rose,thompsonjennifer@rodriguez.net,Poltava
eghyz0ST,Terri,Figueroa,tammy62@hotmail.com,Vinnytsia
BYtMo4,Alan,Shepard,urobinson@hotmail.com,Kyiv
k0GFtez,Cheryl,Le,michelleatkins@yahoo.com,Kyiv
BNnzHI2,Andrew,Jenkins,xfernandez@williams-guerrero.com,Dnipro
gHrPkZBw,Wayne,Smith,rileydavid@yahoo.com,Kharkiv
aCJBDc0I,Christina,Mendoza,vrobertson@yahoo.com,Sumy
oMEKjje,Jonathan,Simmons,hsteele@hoffman.com,Chernihiv
iXpt7hw,Wendy,Kelly,stacydavis@rodriguez-rowe.com,Zaporizhzhia
Duz1Djq,Michael,Schmidt,ashley67@kennedy.info,Zaporizhzhia
JHCF3ATc,Christine,Mcbride,haneymeredith@hotmail.com,Chernihiv
SyMVKn,Dennis,King,mwilliams@yahoo.com,Kyiv
nGXMyO,Hannah,Shaw,tyler26@aguilar-gutierrez.net,Chernihiv
zuBXAxx,Jared,Welch,kathrynwalker@jones.com,Kharkiv
Fv5JDN,Ashley,Stuart,pattersoncrystal@miller.com,Odesa
6kTmgt,Brittney,Shah,lauren95@hotmail.com,Zaporizhzhia
IRo9Ocp,Jonathan,Rush,smithchristopher@gmail.com,Dnipro
YlM2QK,Sierra,Osborne,johnsmall@cruz.com,Dnipro
lJyRVwN3,Jamie,Vazquez,dtaylor@yahoo.com,Odesa
iAWP1p,Benjamin,Frederick,lindseyjames@yahoo.com,Chernihiv
XpFEhNj,Emily,Cooper,sbruce@garrett-martinez.com,Chernihiv
6iB7vVDp,Kyle,Rowe,jane27@davidson.com,Poltava
FSM4Sm2,Jack,Holt,justinjimenez@gmail.com,Kyiv
s6gUNIf,Cristina,Rowe,nmccormick@barber-collier.com,Kyiv
x64PDICB,John,Martinez,bgamble@yahoo.com,Zaporizhzhia
dWnovz,Michelle,Brown,castillodanny@bryant-middleton.org,Odesa
IDECTSLi,Nicholas,Nelson,martinchristopher@cruz.com,Kyiv
BPpbFeiK,Jennifer,Rodriguez,arthurwhite@yahoo.com,Vinnytsia
eHOhm8Y,Corey,Sanchez,robyn26@zimmerman-haynes.org,Poltava
cgcBZcg,Sherry,Burns,davisjohn@jackson.com,Dnipro
ERVsQyqF,Miguel,Cooper,ydoyle@brown.com,Lviv
IwTojb,Alexandra,Ross,carolwhite@gmail.com,Chernihiv
rHfZZev,Jack,Spencer,steverivera@jones.com,Poltava
Ap8ad2,Connie,Robles,michael29@morris-williams.com,Chernihiv
ITpMtd,Andrew,Ray,diane76@hotmail.com,Lviv
YKYqZ3,Robert,Cabrera,samuel71@hess.com,Lviv
86n8hHK,Linda,Mitchell,isandoval@hotmail.com,Sumy
aXQpNS,Maria,Andrews,david33@evans.biz,Vinnytsia
jAhGp7,Joseph,Ayala,victoriachavez@hotmail.com,Kyiv
mAtBjkw,Kristi,Myers,christopher67@gmail.com,Kharkiv
NlQMo2mh,Anthony,Weaver,matabarbara@berger.com,Odesa
wMIXeLn,David,Kelly,conradanna@yahoo.com,Poltava
NTzsGG1b,Tim,Murillo,jsteele@rodriguez.org,Kharkiv
A0ZjFwJ6,James,Williams,markchang@gmail.com,Poltava
jcOdCV,Maria,Robertson,ellislori@gmail.com,Sumy
2o0ljU,Louis,Pearson,jennifer81@fisher-huffman.com,Poltava
xNymKE,Natasha,Sims,melissacarpenter@yahoo.com,Chernihiv
KVNct7,Juan,Ritter,tylersmith@fox-lawson.com,Poltava
LLvdg3e,Tammy,Taylor,dianacallahan@hotmail.com,Zaporizhzhia
w8h83m5,Michael,Clark,choimichael@hotmail.com,Zaporizhzhia
OQuiwXl,Carla,Allen,santiagonichole@marquez-stone.com,Lviv
4BeQSQVD,Brad,Harper,ningram@hotmail.com,Vinnytsia
3SGDBhD5,Samuel,Kim,larry25@evans.net,Chernihiv
nzFbOkK,Morgan,Hill,dalexander@gmail.com,Vinnytsia
PtTlvKl,Rebecca,Schmidt,mholloway@davis-chaney.net,Sumy
FXkGhdq,Kristi,Holland,christophercunningham@krause.biz,Lviv
DPTepH,Sonya,Walton,albert94@yahoo.com,Chernihiv
RbA1LE,Michael,Perez,lindsayevans@gomez-valdez.org,Chernihiv
coneN3z,Michael,Vargas,kristen86@gmail.com,Zaporizhzhia
v0yf4K,Lisa,Miller,brandonbrown@gmail.com,Zaporizhzhia
xgXdQAUF,Ann,Pennington,zhall@campbell.com,Lviv
R6oKWeGj,David,Adams,mcintoshalison@hotmail.com,Vinnytsia
3UJ8np,Anthony,Wagner,jenna23@hotmail.com,Lviv
uw9hVJe,Christopher,Nelson,andersonbryan@gmail.com,Zaporizhzhia
JRWWNPv,Bradley,Johnson,charlesyates@gmail.com,Poltava
KGlNKb,Robert,Blanchard,foleyadrian@carter.com,Kyiv
cCba0bV,Steven,Tran,sara87@west.info,Dnipro
XwjpywmG,Nicole,Jackson,kingkevin@yahoo.com,Lviv
jBWlDDb,Denise,Cummings,lthompson@hotmail.com,Dnipro
cCPol0,Jonathan,Obrien,bthomas@best.info,Poltava
wGqoALmr,Anthony,Henderson,jason60@gmail.com,Sumy
Om5pbL1e,Justin,Adams,chavezcynthia@kennedy.biz,Zaporizhzhia
W9U5kUV9,Oscar,Shannon,angela04@hotmail.com,Kyiv
2lfmTH,Bill,Evans,jamesjohnson@reid.com,Poltava
z0Bqa7d,Melinda,Cooke,torreslance@hotmail.com,Zaporizhzhia
4CETve,Melissa,Collier,townsendkelly@gmail.com,Sumy
upGSLvKh,Latoya,Fisher,sydney06@flores.info,Poltava
WGzKwx5,Brenda,Smith,dstanley@reynolds.com,Kharkiv
XdDAJqf,Brooke,Brown,scottdouglas@richardson.org,Poltava
Hmbylz,James,Harris,floresmichael@hotmail.com,Odesa
Dunfls,David,Avila,lawsonmichael@yahoo.com,Sumy
RtV30B,Tony,Parker,weberjennifer@hotmail.com,Kyiv
B9JPnCM9,Marc,Daniels,allisonwilliams@gmail.com,Zaporizhzhia
uAn1LPP,Gerald,Thompson,rebecca11@hotmail.com,Lviv
wPkNdN,John,Long,jacobprice@hotmail.com,Dnipro
nZBlLl,Kellie,Gilmore,christina36@wilson.com,Dnipro
z92KPg,Richard,Merritt,michael69@hotmail.com,Chernihiv
cawn46,Stephanie,Elliott,yorkapril@haynes.com,Sumy
7zKX0UD,Hannah,Hoffman,ajacobs@gmail.com,Odesa
