ProductID,ProductName,ProductPrice,ProductCategory
15260852,target compelling channels,234,Books
1453273,synthesize end-to-end systems,331,Electronics
5115608,redefine virtual web services,77,Books
95551430,e-enable viral partnerships,441,Books
12231118,extend sticky technologies,421,Furniture
33769099,redefine B2C convergence,239,Groceries
842509,maximize distributed mindshare,138,Toys
1133318,strategize value-added e-business,247,Electronics
3176894,enable interactive schemas,476,Furniture
8203593,exploit intuitive info-mediaries,72,Clothing
6124058,expedite best-of-breed infrastructures,403,Toys
250600,evolve end-to-end info-mediaries,238,Books
3957013,revolutionize turn-key partnerships,191,Furniture
747186,synergize vertical architectures,198,Groceries
2147170,reinvent vertical architectures,79,Groceries
935833,leverage vertical e-business,313,Toys
71191999,innovate one-to-one initiatives,146,Toys
129855,aggregate end-to-end initiatives,398,Furniture
440047,syndicate clicks-and-mortar e-commerce,290,Electronics
7220450,empower scalable paradigms,224,Books
82543393,drive intuitive networks,272,Books
3420871,iterate end-to-end markets,454,Books
168323,synthesize front-end ROI,409,Electronics
227961,exploit revolutionary partnerships,258,Groceries
822591,evolve seamless markets,236,Clothing
069487,incentivize wireless synergies,236,Furniture
580088,maximize best-of-breed interfaces,215,Electronics
5529546,deploy back-end e-tailers,462,Furniture
4425565,expedite cross-platform initiatives,281,Furniture
46971882,enhance next-generation schemas,260,Toys
94899474,architect 24/365 ROI,152,Sports
42752667,synergize cutting-edge niches,473,Groceries
300705,leverage back-end users,352,Books
92438497,productize scalable mindshare,472,Electronics
71318602,innovate global experiences,260,Books
030883,embrace end-to-end markets,163,Clothing
13492706,innovate global metrics,459,Furniture
279933,empower transparent e-services,419,Furniture
0130604,whiteboard cross-media methodologies,373,Clothing
546303,transform ubiquitous functionalities,326,Electronics
787471,reinvent granular systems,92,Clothing
5747332,synergize extensible e-markets,59,Furniture
79384344,streamline scalable markets,377,Electronics
58269256,extend B2B technologies,340,Electronics
312748,envisioneer virtual partnerships,93,Toys
4018022,redefine interactive communities,404,Groceries
07780076,reinvent synergistic metrics,306,Clothing
497332,iterate e-business applications,108,Groceries
06860830,mesh out-of-the-box info-mediaries,324,Furniture
36478218,maximize bleeding-edge experiences,315,Electronics
800069,strategize bricks-and-clicks e-commerce,204,Books
31973350,strategize end-to-end interfaces,296,Clothing
3047198,optimize granular ROI,387,Books
77584052,drive end-to-end models,265,Toys
39272139,synthesize e-business web-readiness,403,Groceries
3492419,deliver end-to-end portals,290,Furniture
492693,orchestrate viral mindshare,408,Electronics
65291152,deploy cutting-edge platforms,293,Toys
4947359,target innovative systems,250,Groceries
40301071,unleash real-time experiences,422,Books
325759,utilize seamless metrics,235,Toys
650449,drive granular bandwidth,175,Toys
4475224,redefine bricks-and-clicks technologies,191,Books
07456371,productize proactive ROI,299,Sports
5906949,optimize dot-com bandwidth,142,Groceries
8416323,engage extensible architectures,186,Toys
93824379,optimize plug-and-play e-commerce,168,Sports
1550543,architect leading-edge methodologies,262,Sports
51070910,evolve granular vortals,406,Furniture
57077263,benchmark interactive convergence,398,Furniture
89715999,reinvent frictionless methodologies,62,Toys
09641334,scale interactive channels,234,Sports
3659492,incubate robust e-markets,399,Books
913342,maximize global ROI,254,Sports
2458429,repurpose killer applications,63,Electronics
17746137,benchmark scalable experiences,447,Clothing
12160797,optimize front-end architectures,363,Clothing
0906326,transition value-added experiences,60,Furniture
56043430,productize magnetic convergence,259,Electronics
21971605,enable magnetic vortals,78,Sports
82044821,iterate real-time models,71,Electronics
157644,visualize ubiquitous experiences,302,Sports
8464286,monetize distributed e-commerce,406,Electronics
2147920,implement intuitive vortals,267,Clothing
7288622,re-intermediate back-end mindshare,142,Electronics
47835876,revolutionize web-enabled deliverables,266,Books
810294,maximize customized action-items,287,Toys
946001,seize revolutionary convergence,334,Clothing
1655505,deploy impactful convergence,478,Toys
9337001,expedite customized interfaces,71,Furniture
071504,harness clicks-and-mortar markets,74,Toys
1929925,generate killer partnerships,255,Toys
11349521,enhance clicks-and-mortar content,357,Clothing
609686,seize interactive e-business,267,Furniture
4143202,disintermediate cutting-edge markets,102,Furniture
841378,target sticky experiences,357,Clothing
8509354,mesh enterprise functionalities,231,Sports
69026689,aggregate rich content,282,Electronics
808343,drive clicks-and-mortar platforms,234,Sports
7384912,reinvent ubiquitous schemas,169,Groceries
176625,evolve B2B systems,235,Clothing
168769,visualize synergistic web-readiness,295,Electronics
3951698,evolve sticky mindshare,421,Clothing
209974,drive holistic users,314,Electronics
5179550,enable enterprise deliverables,279,Furniture
2705760,enable web-enabled e-business,436,Groceries
036007,revolutionize efficient synergies,418,Clothing
523713,grow value-added paradigms,336,Electronics
95241941,mesh real-time partnerships,90,Furniture
296346,enable rich supply-chains,399,Groceries
4705713,unleash wireless ROI,171,Electronics
340866,matrix innovative e-services,322,Sports
999740,deploy front-end e-commerce,496,Sports
452214,productize interactive niches,489,Toys
58592978,harness real-time systems,257,Sports
2192978,e-enable end-to-end convergence,388,Furniture
471800,maximize compelling deliverables,294,Clothing
26810251,strategize magnetic supply-chains,196,Furniture
3296797,seize efficient networks,140,Clothing
359857,unleash strategic web services,97,Furniture
181206,iterate cross-platform solutions,160,Toys
6361828,whiteboard intuitive systems,171,Electronics
5329310,grow open-source metrics,76,Toys
77083068,empower leading-edge solutions,497,Books
249527,brand efficient e-business,404,Electronics
256453,scale e-business e-tailers,254,Groceries
3107983,harness real-time e-business,431,Books
3518309,orchestrate interactive deliverables,163,Electronics
246113,synergize 24/7 methodologies,241,Sports
2958799,iterate 24/365 convergence,417,Electronics
678907,deliver bleeding-edge niches,387,Electronics
926595,synergize front-end web services,189,Books
45816245,mesh user-centric niches,461,Furniture
0562098,syndicate out-of-the-box web-readiness,224,Electronics
85499705,extend efficient models,434,Groceries
43208644,monetize clicks-and-mortar e-business,443,Sports
006123,transition mission-critical content,388,Furniture
417219,innovate cross-media eyeballs,428,Sports
32165369,synthesize vertical systems,369,Clothing
0458359,monetize virtual ROI,470,Sports
010282,redefine synergistic models,216,Books
6342670,revolutionize turn-key models,428,Sports
57758205,integrate extensible communities,377,Clothing
3146537,synergize granular eyeballs,476,Clothing
1568371,morph seamless infrastructures,349,Clothing
74838394,reinvent synergistic models,487,Books
15541039,whiteboard extensible partnerships,77,Books
29292754,morph impactful bandwidth,267,Sports
099386,revolutionize bleeding-edge infrastructures,108,Books
9182544,visualize proactive action-items,313,Toys
4685631,engage seamless methodologies,177,Electronics
33758844,target 24/7 technologies,223,Furniture
991032,target seamless platforms,324,Sports
402777,integrate e-business deliverables,223,Toys
41692030,engineer frictionless models,440,Sports
02916251,embrace synergistic functionalities,187,Books
494385,repurpose bricks-and-clicks e-commerce,464,Groceries
312373,matrix cross-media niches,402,Toys
359806,facilitate distributed technologies,258,Sports
818525,synthesize next-generation solutions,59,Books
8237816,cultivate revolutionary vortals,259,Toys
6781015,empower compelling applications,352,Books
6544061,revolutionize collaborative networks,193,Furniture
201931,seize leading-edge web services,124,Clothing
70363948,re-intermediate cutting-edge markets,161,Furniture
189108,streamline enterprise markets,277,Toys
85138005,aggregate robust portals,414,Groceries
88909011,architect holistic channels,433,Clothing
1481391,deliver front-end ROI,100,Groceries
7458756,scale frictionless mindshare,137,Electronics
943490,seize viral initiatives,59,Clothing
3994871,implement customized e-tailers,128,Books
67520268,expedite rich channels,245,Clothing
979260,re-contextualize real-time e-business,404,Electronics
20029671,scale viral partnerships,99,Electronics
96308138,grow collaborative action-items,469,Groceries
087404,expedite magnetic applications,433,Groceries
766211,seize extensible methodologies,288,Furniture
1824380,enhance wireless applications,433,Books
0185931,generate compelling niches,443,Electronics
36257078,scale distributed architectures,460,Furniture
0062696,integrate 24/7 supply-chains,105,Clothing
412004,synergize extensible platforms,103,Books
64787277,optimize collaborative relationships,304,Furniture
2915700,incentivize real-time architectures,193,Clothing
64864952,incentivize plug-and-play channels,123,Groceries
79800290,expedite 24/7 info-mediaries,493,Books
0821521,integrate synergistic ROI,462,Furniture
5087602,aggregate value-added initiatives,154,Clothing
451318,aggregate compelling synergies,367,Clothing
2905272,benchmark front-end bandwidth,64,Books
4562137,seize web-enabled interfaces,263,Books
9958193,envisioneer rich systems,271,Books
2948121,incentivize killer convergence,490,Electronics
4434475,iterate innovative schemas,116,Books
23679870,integrate intuitive supply-chains,80,Books
38693346,optimize revolutionary architectures,497,Electronics
918044,morph interactive portals,159,Sports
301713,empower out-of-the-box metrics,379,Electronics
0660484,incentivize innovative applications,346,Furniture
78805240,revolutionize value-added bandwidth,233,Groceries
9340596,aggregate e-business e-markets,181,Groceries
81753013,extend best-of-breed ROI,53,Groceries
29006788,reinvent leading-edge relationships,161,Clothing
78392382,streamline open-source communities,193,Sports
9850166,syndicate front-end e-markets,403,Toys
786517,monetize extensible web-readiness,206,Furniture
1231501,re-intermediate rich partnerships,475,Toys
47330123,deploy mission-critical e-business,233,Sports
932481,benchmark customized mindshare,488,Groceries
013440,benchmark open-source vortals,302,Toys
79114127,leverage next-generation metrics,386,Furniture
8097217,whiteboard extensible info-mediaries,174,Toys
71762933,monetize magnetic niches,208,Clothing
759151,re-intermediate viral initiatives,327,Books
7368218,incentivize vertical e-markets,414,Toys
793498,target world-class models,246,Clothing
813483,aggregate revolutionary e-services,193,Books
718267,generate seamless synergies,409,Electronics
55626842,innovate enterprise ROI,242,Furniture
9033910,maximize integrated info-mediaries,309,Furniture
9824642,revolutionize leading-edge networks,436,Clothing
944430,transform granular users,112,Groceries
8642838,architect best-of-breed networks,417,Groceries
33626743,engage back-end e-markets,98,Books
2778355,transform next-generation models,81,Toys
11841869,redefine sticky experiences,337,Clothing
48630042,iterate open-source e-business,256,Electronics
389290,transition mission-critical methodologies,464,Groceries
1550886,mesh mission-critical solutions,158,Furniture
98366168,morph cutting-edge systems,114,Electronics
072474,enable collaborative web services,195,Sports
1114662,extend collaborative info-mediaries,230,Sports
74545857,incubate vertical e-markets,496,Groceries
71372029,productize real-time niches,449,Electronics
4483035,synthesize enterprise eyeballs,115,Groceries
01451198,evolve robust info-mediaries,312,Toys
48559940,empower real-time e-business,69,Toys
9818160,unleash web-enabled relationships,268,Toys
4447668,re-intermediate best-of-breed architectures,444,Groceries
803402,disintermediate cross-platform experiences,58,Electronics
5723224,engineer back-end models,56,Groceries
91771059,generate revolutionary networks,361,Clothing
7355221,iterate transparent applications,366,Furniture
967352,cultivate strategic interfaces,374,Furniture
048665,scale value-added supply-chains,102,Electronics
413232,drive magnetic synergies,330,Sports
1672340,scale magnetic paradigms,355,Toys
719887,innovate holistic paradigms,287,Sports
618832,mesh e-business communities,354,Clothing
706180,utilize wireless vortals,308,Clothing
190279,harness bricks-and-clicks users,368,Clothing
84162354,matrix compelling bandwidth,392,Furniture
3752951,reinvent magnetic e-services,320,Books
05643270,expedite 24/365 e-business,493,Books
71031403,revolutionize killer niches,327,Sports
8752357,synthesize frictionless networks,216,Books
276069,maximize bleeding-edge deliverables,266,Toys
316100,implement enterprise eyeballs,404,Clothing
07301176,productize turn-key e-services,493,Furniture
4992164,empower back-end experiences,111,Furniture
677489,transform next-generation eyeballs,203,Furniture
273288,disintermediate transparent ROI,330,Clothing
367147,embrace e-business eyeballs,441,Clothing
4961341,embrace viral methodologies,303,Clothing
7092951,orchestrate enterprise infrastructures,448,Groceries
049472,whiteboard e-business markets,369,Clothing
9263922,leverage 24/7 e-services,289,Furniture
463520,grow seamless users,420,Sports
5431774,integrate turn-key models,192,Electronics
1067995,orchestrate viral functionalities,103,Sports
61327879,embrace 24/7 users,222,Groceries
0926451,engineer one-to-one portals,223,Groceries
81674900,incentivize best-of-breed web services,311,Groceries
42670932,whiteboard collaborative convergence,354,Books
450093,leverage global e-commerce,428,Sports
28577332,strategize ubiquitous architectures,447,Toys
423671,whiteboard front-end e-commerce,258,Books
190029,aggregate one-to-one experiences,303,Groceries
8470661,revolutionize user-centric action-items,432,Furniture
4371200,architect e-business content,94,Books
4096236,disintermediate B2C action-items,409,Sports
4082707,synthesize rich deliverables,132,Sports
185796,implement best-of-breed action-items,148,Clothing
142029,evolve sticky models,444,Clothing
7620503,mesh global architectures,376,Sports
83329302,strategize frictionless architectures,430,Electronics
86418949,re-intermediate interactive e-tailers,298,Books
9956242,seize bricks-and-clicks functionalities,51,Electronics
41037505,reinvent intuitive architectures,436,Clothing
357334,matrix strategic solutions,387,Furniture
3983248,re-intermediate innovative partnerships,234,Furniture
48054325,syndicate collaborative solutions,399,Books
8895131,orchestrate enterprise networks,248,Electronics
1705773,disintermediate collaborative vortals,374,Toys
4061353,generate synergistic initiatives,81,Sports
49060386,brand visionary relationships,179,Groceries
6154334,leverage out-of-the-box interfaces,322,Furniture
746422,empower proactive functionalities,78,Furniture
85751750,iterate mission-critical metrics,50,Electronics
60655881,scale collaborative applications,496,Clothing
75315561,strategize rich initiatives,123,Groceries
239172,optimize holistic experiences,52,Groceries
652089,scale enterprise architectures,152,Sports
440189,optimize B2C ROI,76,Groceries
140945,leverage killer channels,205,Clothing
09679268,reinvent open-source mindshare,492,Electronics
76293454,e-enable magnetic technologies,373,Toys
40356049,exploit efficient e-services,283,Toys
96918072,facilitate ubiquitous eyeballs,242,Electronics
03181473,matrix holistic communities,50,Clothing
267607,facilitate bleeding-edge infrastructures,351,Groceries
5567914,strategize B2B methodologies,302,Furniture
92911142,architect global partnerships,383,Furniture
89994649,streamline open-source infrastructures,90,Books
858773,maximize efficient partnerships,265,Toys
18954084,embrace transparent e-commerce,121,Clothing
1683809,optimize bleeding-edge action-items,477,Sports
5322916,evolve vertical portals,126,Groceries
669177,iterate compelling relationships,178,Electronics
7255535,innovate rich action-items,209,Electronics
668941,facilitate rich convergence,446,Furniture
270228,re-contextualize synergistic portals,183,Toys
83055798,exploit frictionless schemas,202,Electronics
9854339,facilitate cross-platform platforms,356,Clothing
5080694,deliver 24/7 vortals,259,Toys
44786834,architect customized vortals,408,Clothing
68749187,leverage bleeding-edge content,412,Furniture
799988,strategize dot-com markets,252,Sports
905808,envisioneer viral web services,466,Groceries
8018102,empower granular vortals,200,Furniture
96292336,implement e-business platforms,427,Groceries
8351847,brand user-centric initiatives,205,Groceries
9070061,architect holistic experiences,294,Clothing
9611750,iterate magnetic initiatives,312,Toys
630357,exploit B2C users,500,Groceries
471347,incubate mission-critical content,477,Sports
898170,harness best-of-breed bandwidth,118,Toys
2393876,expedite e-business deliverables,456,Sports
221627,redefine best-of-breed networks,496,Sports
05245106,engage leading-edge portals,160,Groceries
2471554,disintermediate end-to-end bandwidth,220,Clothing
992542,optimize revolutionary info-mediaries,309,Books
195688,evolve plug-and-play bandwidth,140,Books
731563,extend impactful ROI,320,Books
047141,transform vertical info-mediaries,235,Electronics
989100,seize intuitive synergies,127,Clothing
4719307,unleash real-time e-tailers,186,Clothing
5615448,deploy clicks-and-mortar paradigms,234,Furniture
281426,embrace virtual bandwidth,150,Electronics
7736372,reinvent killer relationships,308,Toys
1272738,repurpose leading-edge paradigms,251,Groceries
615270,productize wireless markets,234,Furniture
5132522,innovate best-of-breed partnerships,364,Toys
776202,transition visionary schemas,353,Groceries
7032869,extend distributed niches,236,Books
69086670,matrix wireless vortals,455,Clothing
33424966,syndicate global vortals,114,Sports
410160,morph next-generation portals,445,Electronics
9224231,empower integrated initiatives,348,Clothing
44123104,seize open-source platforms,333,Furniture
88774015,facilitate proactive interfaces,335,Sports
83740672,deploy seamless deliverables,120,Electronics
094660,drive distributed web-readiness,51,Groceries
24810485,innovate plug-and-play initiatives,159,Clothing
1740217,implement value-added architectures,207,Furniture
726196,engage user-centric deliverables,435,Toys
225916,enhance transparent e-services,182,Groceries
030693,engage mission-critical channels,380,Furniture
7438152,seize compelling web services,267,Sports
551921,visualize distributed bandwidth,444,Sports
795984,deploy mission-critical eyeballs,227,Groceries
37133832,drive web-enabled portals,261,Clothing
70272971,enable interactive e-business,178,Furniture
9688829,visualize vertical methodologies,217,Groceries
5499268,visualize innovative technologies,136,Toys
824290,productize enterprise markets,378,Furniture
19118431,redefine collaborative networks,291,Toys
3576617,unleash integrated partnerships,220,Toys
0748125,utilize innovative markets,315,Furniture
002347,target seamless experiences,158,Sports
72406631,syndicate vertical initiatives,268,Groceries
50331665,generate user-centric methodologies,220,Clothing
08079280,transform open-source markets,487,Books
38925528,mesh granular content,431,Clothing
2102099,matrix innovative portals,84,Groceries
295131,re-contextualize interactive deliverables,160,Furniture
5913502,disintermediate web-enabled bandwidth,300,Furniture
2428430,integrate one-to-one metrics,479,Books
211524,whiteboard 24/365 convergence,206,Electronics
535341,brand end-to-end platforms,67,Furniture
3992977,empower out-of-the-box convergence,97,Books
939354,enhance next-generation supply-chains,356,Groceries
85416704,utilize seamless e-business,274,Clothing
8416868,integrate frictionless communities,143,Clothing
3656245,reinvent strategic bandwidth,78,Books
0718795,harness bricks-and-clicks infrastructures,55,Electronics
9702936,aggregate next-generation web-readiness,131,Electronics
1444692,incubate robust partnerships,264,Toys
10395776,engage B2B bandwidth,110,Toys
959244,repurpose 24/7 convergence,99,Toys
08036396,redefine viral ROI,165,Books
32418058,engineer granular systems,328,Groceries
1259596,target mission-critical e-services,320,Groceries
431442,whiteboard magnetic users,285,Clothing
16235648,re-contextualize B2C vortals,380,Furniture
37946879,evolve cutting-edge convergence,367,Toys
370152,whiteboard strategic infrastructures,224,Electronics
6307613,productize e-business ROI,206,Furniture
3251116,morph customized functionalities,451,Sports
3411635,enable efficient infrastructures,158,Electronics
4690244,expedite turn-key deliverables,260,Sports
21333574,incentivize wireless e-tailers,64,Books
655307,expedite out-of-the-box experiences,224,Books
963791,facilitate cross-media info-mediaries,434,Clothing
145788,scale frictionless models,197,Books
98059334,deploy back-end supply-chains,63,Sports
613584,facilitate rich infrastructures,147,Groceries
535184,integrate B2C e-commerce,232,Books
7933756,optimize open-source ROI,273,Groceries
98320663,re-intermediate out-of-the-box web-readiness,235,Groceries
05345020,expedite 24/365 portals,260,Toys
2512141,innovate back-end experiences,430,Clothing
69341256,grow intuitive convergence,60,Sports
7588605,grow frictionless content,263,Toys
0131395,seize one-to-one technologies,180,Toys
6806714,morph proactive functionalities,372,Electronics
49440278,mesh turn-key metrics,62,Books
667806,maximize back-end ROI,417,Furniture
721989,synergize virtual solutions,137,Sports
445415,incubate global functionalities,461,Groceries
165094,strategize killer supply-chains,435,Groceries
9723580,maximize e-business supply-chains,256,Electronics
45879026,syndicate interactive technologies,129,Groceries
528442,morph e-business supply-chains,216,Clothing
68823157,engineer virtual portals,342,Sports
12461747,orchestrate next-generation relationships,404,Sports
42647887,innovate wireless bandwidth,403,Clothing
8549858,synthesize back-end action-items,92,Electronics
546348,leverage rich web-readiness,52,Furniture
703155,synthesize collaborative info-mediaries,180,Books
4175265,transform turn-key channels,358,Groceries
83765205,exploit front-end functionalities,269,Clothing
28692376,seize plug-and-play ROI,278,Sports
48602155,reinvent dot-com info-mediaries,447,Clothing
67757306,scale mission-critical content,341,Furniture
4264673,iterate magnetic bandwidth,353,Toys
64474723,monetize robust niches,296,Furniture
64310330,revolutionize back-end metrics,74,Toys
605764,deploy global schemas,60,Furniture
66031013,architect clicks-and-mortar bandwidth,150,Sports
359926,leverage out-of-the-box methodologies,422,Sports
08284244,empower next-generation models,242,Toys
063737,grow synergistic models,324,Sports
515626,grow robust supply-chains,130,Furniture
746260,expedite viral e-commerce,483,Books
70883464,monetize plug-and-play vortals,462,Books
85838749,cultivate bricks-and-clicks action-items,377,Electronics
79125000,maximize out-of-the-box e-business,177,Clothing
36081973,whiteboard extensible e-tailers,267,Clothing
31679586,maximize revolutionary e-services,472,Furniture
7565884,enhance world-class users,58,Furniture
6596037,harness strategic e-markets,87,Groceries
06725014,deliver cutting-edge synergies,73,Electronics
4176131,redefine web-enabled markets,313,Sports
8324693,implement turn-key action-items,471,Furniture
84666020,seize intuitive portals,236,Books
822008,cultivate magnetic convergence,340,Toys
212194,monetize web-enabled users,273,Electronics
64865900,repurpose clicks-and-mortar applications,68,Books
6453238,grow proactive experiences,454,Sports
3748458,visualize next-generation mindshare,254,Books
26373499,re-intermediate extensible e-business,85,Groceries
117564,facilitate cross-platform niches,274,Electronics
8336027,expedite dot-com content,67,Groceries
48417969,benchmark seamless functionalities,235,Books
28861736,utilize e-business metrics,273,Toys
7570788,transition next-generation users,477,Furniture
8822726,iterate impactful infrastructures,292,Books
5490234,enable extensible markets,157,Clothing
687112,target killer schemas,279,Clothing
484210,e-enable bricks-and-clicks vortals,197,Books
817418,synthesize bricks-and-clicks e-markets,113,Groceries
158974,re-intermediate integrated vortals,331,Clothing
4257993,matrix customized models,483,Electronics
43515173,productize front-end models,322,Books
3060083,morph mission-critical networks,137,Furniture
44596721,brand sticky systems,65,Electronics
22059026,drive seamless platforms,348,Sports
11370428,benchmark vertical niches,59,Electronics
06659553,cultivate real-time markets,441,Clothing
828764,facilitate web-enabled e-tailers,463,Toys
7089484,engage frictionless initiatives,93,Electronics
4732719,unleash granular synergies,159,Books
107932,redefine cross-platform e-business,212,Groceries
501296,target leading-edge mindshare,423,Electronics
38226197,morph one-to-one synergies,317,Books
162259,morph holistic action-items,209,Clothing
92589696,re-contextualize virtual methodologies,240,Sports
3798957,exploit proactive interfaces,492,Toys
841325,enable 24/7 supply-chains,337,Books
78988918,expedite next-generation e-tailers,63,Sports
161020,mesh revolutionary mindshare,355,Toys
3708619,whiteboard proactive vortals,169,Toys
557646,optimize distributed markets,407,Electronics
731750,benchmark best-of-breed communities,327,Electronics
383140,facilitate frictionless technologies,241,Furniture
6569983,morph viral content,120,Toys
91453911,deploy e-business e-tailers,423,Groceries
057710,implement customized networks,124,Sports
7421233,embrace 24/365 synergies,179,Furniture
3748444,generate end-to-end channels,442,Books
16849572,optimize visionary e-commerce,245,Books
7876242,unleash mission-critical niches,118,Sports
18098024,incentivize clicks-and-mortar users,379,Groceries
724342,grow magnetic niches,466,Clothing
26046925,enable distributed bandwidth,159,Sports
1578197,redefine open-source e-business,82,Toys
66471856,engage proactive convergence,492,Clothing
4812735,evolve bricks-and-clicks e-business,348,Clothing
112927,expedite interactive e-tailers,52,Furniture
5838522,morph visionary e-markets,448,Books
36796777,repurpose rich e-markets,202,Clothing
010274,matrix turn-key supply-chains,351,Electronics
7163535,revolutionize cutting-edge deliverables,182,Books
9533546,extend 24/7 experiences,468,Clothing
1891846,brand revolutionary supply-chains,414,Books
25756372,transition dynamic infrastructures,279,Books
495806,deliver real-time eyeballs,296,Sports
88442329,innovate customized platforms,420,Electronics
0208572,disintermediate cross-platform functionalities,331,Toys
332662,revolutionize extensible ROI,275,Furniture
77071323,disintermediate scalable paradigms,258,Clothing
192102,drive ubiquitous schemas,388,Clothing
17991721,expedite value-added architectures,283,Groceries
0497020,matrix extensible interfaces,322,Groceries
320111,iterate rich schemas,81,Furniture
3953958,strategize efficient content,426,Electronics
156082,incentivize plug-and-play info-mediaries,310,Furniture
908087,transition enterprise e-tailers,487,Electronics
273575,deploy impactful e-services,339,Toys
4306478,utilize revolutionary partnerships,317,Groceries
7760363,maximize clicks-and-mortar mindshare,55,Sports
555428,redefine e-business functionalities,216,Furniture
8837682,enhance B2C architectures,83,Furniture
2181476,leverage one-to-one info-mediaries,282,Books
51005417,matrix plug-and-play paradigms,50,Electronics
6189930,grow collaborative bandwidth,205,Furniture
0660700,disintermediate 24/7 vortals,142,Toys
943663,repurpose value-added e-business,98,Groceries
084586,leverage dynamic experiences,355,Groceries
879095,reinvent bleeding-edge web services,424,Groceries
71339247,streamline virtual initiatives,203,Clothing
7833744,generate B2C e-tailers,284,Electronics
78478122,aggregate revolutionary content,393,Toys
6632795,disintermediate plug-and-play architectures,321,Electronics
925227,re-contextualize front-end web services,137,Books
33558443,optimize turn-key partnerships,154,Clothing
5728135,grow frictionless web services,96,Sports
6937799,disintermediate collaborative schemas,409,Sports
7074120,brand customized metrics,446,Furniture
57083420,architect plug-and-play deliverables,448,Books
514558,generate leading-edge solutions,101,Sports
933570,cultivate user-centric methodologies,161,Electronics
4487268,optimize turn-key experiences,405,Sports
39230723,cultivate interactive schemas,396,Toys
1117027,syndicate vertical technologies,273,Furniture
16972085,evolve B2B users,438,Furniture
8355087,redefine e-business applications,69,Sports
5641793,harness magnetic deliverables,443,Groceries
441731,grow intuitive functionalities,359,Sports
8162835,empower interactive functionalities,93,Clothing
5278400,enable dot-com portals,373,Electronics
918341,deploy innovative schemas,174,Electronics
74401556,utilize open-source partnerships,69,Toys
12410724,transition collaborative supply-chains,135,Books
28520863,e-enable holistic methodologies,257,Furniture
86660203,facilitate next-generation portals,450,Sports
88180748,re-intermediate wireless bandwidth,471,Sports
371061,innovate web-enabled schemas,384,Electronics
468379,matrix dot-com communities,412,Furniture
71312501,grow wireless solutions,387,Groceries
57448182,transform holistic paradigms,240,Clothing
16769376,utilize best-of-breed e-markets,268,Sports
206059,empower dot-com vortals,434,Furniture
57619682,implement turn-key supply-chains,166,Electronics
8833032,transition viral platforms,362,Books
347205,implement user-centric e-tailers,477,Sports
063342,orchestrate bleeding-edge interfaces,203,Electronics
7093471,enhance best-of-breed synergies,139,Furniture
34477717,mesh value-added content,158,Sports
86029316,synergize proactive mindshare,144,Sports
31021773,evolve efficient communities,233,Clothing
7788881,drive cross-media users,231,Books
922895,aggregate bricks-and-clicks vortals,236,Sports
430466,redefine magnetic networks,102,Books
1102855,extend wireless experiences,312,Toys
587605,unleash mission-critical ROI,482,Electronics
52925951,incentivize visionary metrics,118,Electronics
70741720,disintermediate dynamic platforms,167,Books
27138288,matrix open-source supply-chains,379,Toys
4085741,embrace collaborative methodologies,425,Toys
27458624,redefine cutting-edge partnerships,52,Groceries
1413230,enhance user-centric partnerships,269,Clothing
3563939,deploy dot-com mindshare,495,Books
250699,implement cutting-edge eyeballs,483,Electronics
42583105,drive B2B content,138,Clothing
63368423,maximize customized networks,122,Clothing
0873770,engage synergistic web services,233,Toys
1448683,utilize one-to-one portals,236,Furniture
495049,matrix cross-platform networks,88,Clothing
2758106,transform enterprise mindshare,356,Groceries
77077789,productize rich infrastructures,422,Electronics
13592992,unleash mission-critical e-services,474,Toys
16884068,morph wireless vortals,237,Electronics
3749103,re-contextualize frictionless markets,277,Groceries
4816878,envisioneer end-to-end communities,301,Books
5318431,monetize efficient e-tailers,125,Sports
75288780,re-contextualize best-of-breed relationships,345,Electronics
84458245,utilize global portals,399,Sports
0962563,integrate 24/365 e-markets,221,Furniture
7761640,engage 24/365 platforms,477,Groceries
09812238,engineer transparent ROI,265,Electronics
08849279,syndicate visionary platforms,245,Electronics
15645280,repurpose best-of-breed experiences,76,Groceries
6321482,grow seamless interfaces,386,Sports
6551814,redefine magnetic interfaces,113,Furniture
711085,visualize bricks-and-clicks models,65,Sports
277780,streamline open-source relationships,303,Books
11131478,leverage revolutionary web-readiness,105,Groceries
84327478,implement sticky schemas,324,Books
310957,benchmark collaborative e-tailers,194,Toys
810805,incubate leading-edge e-markets,220,Sports
8647695,facilitate bricks-and-clicks content,487,Sports
67802238,seize dynamic initiatives,235,Books
4599968,incentivize transparent bandwidth,73,Books
2577516,monetize one-to-one synergies,358,Electronics
138907,mesh cross-media synergies,300,Sports
66907475,optimize cross-media eyeballs,152,Toys
7981611,embrace integrated action-items,165,Electronics
7357442,grow rich metrics,394,Sports
4610848,maximize bricks-and-clicks schemas,296,Sports
416172,harness global info-mediaries,272,Clothing
87056331,whiteboard sticky e-markets,204,Groceries
5994002,grow distributed models,465,Groceries
766023,generate holistic users,259,Groceries
36316543,syndicate intuitive architectures,119,Toys
4172011,re-intermediate synergistic vortals,94,Groceries
16901472,grow seamless solutions,267,Groceries
463924,revolutionize robust relationships,458,Furniture
8801693,repurpose proactive relationships,233,Sports
237021,evolve user-centric partnerships,243,Clothing
567390,transition impactful synergies,267,Toys
745615,productize interactive networks,121,Books
87206625,deploy impactful e-tailers,336,Electronics
70949809,extend integrated markets,461,Sports
94461349,incubate granular web services,387,Toys
018126,enable leading-edge e-tailers,102,Clothing
407518,morph sticky partnerships,415,Electronics
41448147,facilitate synergistic web services,82,Sports
9770536,engineer enterprise info-mediaries,420,Electronics
81113444,cultivate rich bandwidth,229,Sports
54602946,generate interactive web-readiness,213,Electronics
28969840,embrace user-centric synergies,167,Sports
1132528,engage transparent content,169,Sports
202388,transition world-class networks,324,Electronics
65754963,matrix open-source e-tailers,107,Furniture
83008848,grow impactful interfaces,436,Groceries
572094,morph sticky networks,354,Furniture
1957854,envisioneer intuitive e-business,65,Books
0998924,strategize sticky action-items,105,Electronics
57962095,generate 24/365 methodologies,149,Sports
25622827,innovate innovative paradigms,257,Furniture
497991,whiteboard robust metrics,93,Sports
6068827,e-enable 24/365 methodologies,435,Toys
617770,benchmark B2C e-tailers,91,Clothing
773912,brand bleeding-edge functionalities,390,Toys
7857078,expedite one-to-one partnerships,57,Books
0154534,enhance proactive supply-chains,284,Furniture
9953533,re-contextualize value-added paradigms,97,Electronics
1867565,e-enable synergistic supply-chains,118,Books
937647,facilitate holistic platforms,320,Groceries
8633901,unleash compelling info-mediaries,280,Groceries
929821,benchmark collaborative technologies,96,Groceries
7695389,drive collaborative e-services,365,Clothing
1468913,generate frictionless synergies,449,Books
8793647,revolutionize distributed paradigms,238,Electronics
2954832,harness transparent markets,174,Toys
878707,transition 24/7 e-business,343,Furniture
53761259,transform magnetic markets,259,Groceries
19633589,maximize granular solutions,443,Groceries
957057,aggregate leading-edge technologies,114,Clothing
7594738,expedite extensible action-items,465,Books
539756,productize cross-platform solutions,466,Clothing
49334178,iterate B2C metrics,218,Electronics
54797790,disintermediate cross-media users,147,Sports
624233,morph holistic portals,307,Groceries
57753113,transform end-to-end infrastructures,61,Groceries
14337999,mesh efficient niches,284,Sports
71963143,evolve scalable e-tailers,221,Electronics
3773127,aggregate impactful relationships,499,Sports
0806706,benchmark bleeding-edge action-items,158,Books
44601469,deploy plug-and-play channels,444,Toys
27077383,deploy innovative ROI,354,Electronics
1896335,grow innovative architectures,176,Books
4840952,cultivate 24/365 communities,197,Books
629918,cultivate turn-key deliverables,312,Books
1630399,drive integrated convergence,88,Furniture
9806426,repurpose back-end networks,268,Clothing
1641649,scale e-business models,188,Toys
9787728,monetize interactive convergence,413,Groceries
83965717,monetize compelling synergies,337,Toys
11911627,productize visionary e-markets,91,Sports
03540927,innovate visionary web services,103,Toys
65474426,utilize B2C technologies,498,Furniture
41567779,generate open-source experiences,165,Groceries
29048136,architect magnetic systems,261,Electronics
04717765,brand revolutionary communities,209,Clothing
62614504,whiteboard ubiquitous ROI,186,Electronics
210842,synergize holistic applications,64,Clothing
87283647,envisioneer interactive supply-chains,337,Groceries
1317595,strategize killer functionalities,303,Electronics
0411451,architect frictionless functionalities,106,Electronics
6752765,disintermediate virtual portals,483,Electronics
19847211,monetize web-enabled interfaces,219,Toys
75965720,orchestrate viral users,373,Furniture
6338776,envisioneer ubiquitous applications,314,Groceries
585285,re-contextualize viral info-mediaries,197,Toys
85581225,cultivate wireless partnerships,202,Furniture
2526441,engage synergistic metrics,434,Groceries
4138705,expedite bricks-and-clicks synergies,238,Electronics
753177,transition front-end convergence,67,Electronics
343681,re-contextualize extensible channels,437,Furniture
9285119,cultivate intuitive interfaces,171,Clothing
7627476,disintermediate one-to-one methodologies,323,Furniture
5138784,enable killer platforms,237,Electronics
0077720,engage visionary vortals,306,Toys
2382583,innovate dynamic architectures,276,Books
6430158,seize out-of-the-box users,186,Electronics
960812,drive customized info-mediaries,309,Furniture
091562,mesh magnetic mindshare,78,Groceries
27625173,whiteboard viral web services,267,Books
69953912,grow web-enabled e-commerce,248,Toys
25851346,embrace scalable relationships,109,Sports
281755,synthesize enterprise metrics,56,Books
479424,streamline rich e-services,207,Sports
338750,deploy end-to-end paradigms,392,Furniture
03524162,grow innovative partnerships,218,Toys
234782,transform viral interfaces,114,Groceries
06361232,incubate virtual web services,458,Toys
493398,strategize magnetic networks,422,Clothing
46355110,transform enterprise synergies,342,Electronics
798930,incentivize one-to-one functionalities,375,Electronics
583115,engage interactive communities,485,Clothing
9884373,redefine bleeding-edge e-services,201,Sports
337061,implement value-added technologies,461,Electronics
94064233,drive dot-com applications,133,Sports
940692,enable turn-key communities,374,Sports
904513,iterate end-to-end channels,89,Sports
4364422,aggregate B2B web services,171,Books
516698,evolve leading-edge partnerships,284,Furniture
6593173,morph ubiquitous applications,431,Clothing
01882145,re-intermediate user-centric partnerships,351,Electronics
441207,productize plug-and-play e-services,77,Groceries
23420622,extend back-end niches,132,Sports
9103497,iterate impactful markets,425,Electronics
0054996,evolve wireless platforms,109,Electronics
09103059,deliver back-end content,251,Clothing
44807278,drive intuitive deliverables,304,Electronics
6334721,empower real-time action-items,492,Electronics
55238714,engage dynamic web services,181,Sports
9899300,incentivize user-centric technologies,107,Furniture
3447917,re-contextualize scalable architectures,303,Furniture
638013,seize bleeding-edge experiences,191,Clothing
0829926,envisioneer leading-edge methodologies,127,Clothing
80662641,synergize out-of-the-box bandwidth,398,Clothing
794319,extend ubiquitous experiences,453,Groceries
1257193,monetize 24/365 models,346,Toys
512203,evolve end-to-end systems,171,Books
062620,transform granular functionalities,145,Sports
441147,whiteboard innovative ROI,222,Books
9445507,maximize interactive e-services,262,Electronics
4260378,deploy scalable supply-chains,133,Books
49576774,visualize turn-key solutions,206,Sports
6220458,scale rich applications,435,Clothing
411541,benchmark value-added eyeballs,481,Furniture
371353,implement ubiquitous eyeballs,431,Electronics
6708125,mesh integrated schemas,334,Furniture
50328107,innovate real-time models,63,Books
417772,benchmark revolutionary web-readiness,142,Clothing
04036294,re-contextualize collaborative action-items,89,Groceries
606323,mesh interactive experiences,184,Furniture
13732649,morph interactive experiences,362,Books
8472267,innovate bleeding-edge deliverables,356,Furniture
0981403,utilize extensible e-services,415,Electronics
24712945,innovate leading-edge relationships,456,Clothing
875530,exploit granular partnerships,346,Electronics
2997130,innovate 24/365 infrastructures,260,Electronics
87538823,deploy back-end web-readiness,351,Toys
549033,monetize collaborative experiences,222,Clothing
1130214,incentivize proactive relationships,474,Books
025519,implement plug-and-play partnerships,297,Groceries
156115,engineer synergistic web-readiness,300,Groceries
185265,seize dynamic e-markets,478,Groceries
0184806,re-contextualize virtual supply-chains,309,Electronics
66004178,benchmark customized relationships,211,Electronics
1467064,iterate bricks-and-clicks partnerships,185,Sports
468353,enhance value-added solutions,470,Toys
66075477,iterate open-source synergies,316,Clothing
16307816,scale transparent solutions,225,Furniture
415088,iterate collaborative portals,296,Electronics
5556108,strategize revolutionary systems,380,Toys
240166,brand strategic systems,197,Books
5523889,re-intermediate robust action-items,53,Furniture
43925494,streamline world-class e-business,157,Sports
659491,leverage end-to-end e-services,73,Furniture
17966864,benchmark world-class convergence,133,Furniture
44487062,transition B2C bandwidth,384,Sports
459730,incubate innovative interfaces,203,Furniture
19221238,matrix clicks-and-mortar bandwidth,327,Furniture
0180531,cultivate user-centric synergies,455,Clothing
3213152,benchmark proactive applications,222,Furniture
060928,empower transparent web services,378,Sports
37319256,target dot-com interfaces,399,Sports
729415,embrace rich info-mediaries,223,Sports
227840,embrace interactive e-commerce,137,Electronics
16670107,productize front-end applications,130,Books
9459355,engineer user-centric applications,281,Groceries
782223,enable holistic mindshare,465,Clothing
55257078,repurpose visionary relationships,95,Clothing
090984,reinvent viral eyeballs,157,Clothing
39623859,harness bleeding-edge partnerships,394,Furniture
4578318,benchmark bleeding-edge convergence,108,Books
075296,whiteboard one-to-one e-commerce,438,Electronics
460086,deliver strategic e-business,281,Books
10507727,iterate dynamic channels,482,Books
8842007,harness collaborative e-tailers,487,Books
43649561,whiteboard holistic ROI,128,Electronics
7233755,productize one-to-one technologies,314,Electronics
538649,streamline bricks-and-clicks synergies,101,Groceries
849696,iterate enterprise architectures,282,Furniture
09911669,enable vertical synergies,108,Groceries
479986,monetize wireless markets,136,Toys
26993658,productize next-generation e-business,62,Toys
594785,reinvent sticky info-mediaries,452,Toys
655823,seize visionary e-tailers,322,Books
5992087,drive dot-com partnerships,480,Groceries
40913674,aggregate world-class e-business,97,Clothing
555201,facilitate cutting-edge technologies,53,Clothing
7991241,integrate viral communities,296,Furniture
7063978,syndicate proactive portals,486,Clothing
412169,revolutionize robust e-tailers,482,Clothing
806663,target leading-edge infrastructures,128,Electronics
34790393,redefine killer communities,93,Books
846288,aggregate e-business partnerships,452,Clothing
230323,visualize cross-media deliverables,336,Clothing
7846581,matrix vertical initiatives,212,Clothing
25628911,envisioneer strategic users,134,Books
313037,enhance cross-media networks,204,Toys
0712419,brand interactive networks,163,Groceries
04617528,enhance cross-platform networks,218,Groceries
5959881,incentivize next-generation partnerships,104,Electronics
7397669,cultivate compelling solutions,416,Groceries
35569186,deploy bricks-and-clicks deliverables,223,Clothing
0015626,deliver cutting-edge infrastructures,247,Toys
370245,productize next-generation action-items,336,Furniture
496310,architect virtual systems,304,Furniture
92913683,transform open-source metrics,491,Sports
59357779,cultivate user-centric info-mediaries,68,Groceries
1035785,strategize turn-key interfaces,112,Clothing
6043813,unleash virtual platforms,343,Clothing
84223969,enhance innovative info-mediaries,257,Furniture
3529479,cultivate robust partnerships,430,Sports
4072749,unleash out-of-the-box solutions,153,Groceries
818147,evolve robust users,419,Books
6993309,disintermediate 24/365 web services,132,Sports
436898,facilitate virtual niches,439,Toys
48216012,synergize enterprise markets,392,Sports
298945,syndicate sticky platforms,256,Sports
6856538,envisioneer open-source web-readiness,391,Electronics
77371250,disintermediate cross-platform relationships,191,Furniture
91610254,iterate plug-and-play content,428,Books
94180484,repurpose collaborative e-markets,372,Groceries
8847503,integrate bleeding-edge markets,103,Books
672039,deploy interactive architectures,420,Groceries
84249395,evolve revolutionary bandwidth,316,Groceries
56651534,mesh value-added supply-chains,139,Furniture
3771951,monetize plug-and-play supply-chains,65,Groceries
75797691,architect impactful eyeballs,352,Furniture
89862323,mesh vertical deliverables,210,Groceries
605957,grow innovative action-items,361,Books
6099602,utilize mission-critical systems,124,Books
16902531,transform dot-com relationships,353,Sports
949692,enable front-end e-tailers,329,Furniture
08801512,e-enable B2C synergies,435,Clothing
185281,mesh seamless e-tailers,166,Books
003717,synergize intuitive e-services,178,Electronics
47806493,synergize back-end relationships,429,Toys
5964247,orchestrate one-to-one solutions,318,Clothing
000753,maximize sticky portals,352,Clothing
38152441,iterate B2C methodologies,402,Clothing
2546870,reinvent transparent functionalities,277,Toys
8938818,synergize holistic experiences,418,Groceries
23447036,unleash seamless solutions,120,Electronics
371499,streamline visionary methodologies,301,Groceries
641083,target frictionless ROI,109,Groceries
305810,seize web-enabled eyeballs,125,Toys
8411506,unleash impactful markets,238,Books
7764066,optimize plug-and-play e-commerce,95,Clothing
2226697,embrace 24/365 content,303,Books
9609626,revolutionize open-source convergence,221,Toys
298481,engineer proactive portals,79,Furniture
222490,deliver back-end applications,173,Sports
230002,cultivate clicks-and-mortar infrastructures,286,Furniture
8136570,transition strategic systems,280,Clothing
269992,incentivize viral web services,58,Groceries
8627942,incentivize customized markets,437,Furniture
453498,repurpose e-business niches,110,Furniture
3125125,evolve plug-and-play solutions,356,Sports
74483412,envisioneer innovative mindshare,261,Electronics
163751,innovate proactive mindshare,493,Sports
31258541,extend web-enabled partnerships,219,Clothing
7687690,utilize global relationships,487,Toys
934504,embrace back-end applications,220,Clothing
22721330,morph end-to-end initiatives,277,Toys
167161,architect frictionless platforms,254,Books
4743504,utilize end-to-end infrastructures,236,Clothing
66119777,exploit e-business markets,221,Clothing
7027197,redefine cutting-edge content,223,Books
967492,target end-to-end applications,465,Electronics
85953185,enable bricks-and-clicks vortals,285,Books
92704261,syndicate open-source vortals,283,Furniture
357800,enhance magnetic networks,436,Electronics
611296,maximize frictionless initiatives,307,Books
2201830,deliver impactful networks,188,Electronics
2016495,repurpose value-added paradigms,126,Toys
85138289,transform wireless partnerships,401,Furniture
135428,maximize world-class users,260,Furniture
7739590,streamline integrated users,384,Sports
5314514,empower e-business convergence,155,Toys
44311772,expedite turn-key experiences,189,Furniture
60334168,incentivize bricks-and-clicks eyeballs,414,Furniture
834553,optimize extensible portals,392,Sports
8813465,evolve leading-edge bandwidth,154,Sports
90586579,iterate wireless markets,353,Books
43608375,synergize distributed deliverables,254,Sports
5587827,brand bleeding-edge applications,98,Groceries
798260,orchestrate ubiquitous communities,224,Clothing
74402520,monetize back-end channels,260,Books
243402,harness open-source metrics,82,Sports
5148654,generate global networks,313,Sports
6347881,repurpose collaborative action-items,350,Clothing
767518,deploy 24/7 relationships,500,Toys
53688526,exploit plug-and-play content,291,Toys
262459,enhance one-to-one action-items,103,Electronics
0480780,evolve cross-platform info-mediaries,110,Clothing
425007,disintermediate ubiquitous portals,414,Clothing
69474266,exploit cross-platform methodologies,385,Books
68621764,strategize impactful channels,296,Electronics
82057239,empower virtual e-commerce,414,Groceries
542833,implement robust web services,118,Furniture
4087453,strategize bleeding-edge vortals,439,Clothing
26504614,optimize enterprise web services,307,Sports
5313212,deliver leading-edge applications,408,Toys
5622528,mesh sticky action-items,119,Clothing
24454126,re-intermediate world-class ROI,287,Clothing
13496395,orchestrate 24/365 supply-chains,229,Clothing
70733009,transition world-class methodologies,405,Groceries
10794625,iterate one-to-one relationships,52,Furniture
02533884,matrix clicks-and-mortar e-services,90,Electronics
66412714,incubate vertical partnerships,132,Groceries
64256958,redefine bricks-and-clicks markets,82,Groceries
70389599,iterate innovative applications,300,Electronics
1830073,enhance compelling vortals,170,Books
8761220,re-intermediate frictionless initiatives,404,Electronics
570210,morph holistic e-services,298,Clothing
631785,productize magnetic interfaces,264,Furniture
2638519,e-enable sticky functionalities,419,Sports
5062014,facilitate frictionless metrics,236,Groceries
314978,unleash magnetic deliverables,329,Furniture
2685430,streamline scalable models,427,Groceries
1281107,incentivize plug-and-play platforms,250,Groceries
9045440,iterate distributed e-services,125,Toys
484170,synergize 24/7 metrics,229,Clothing
51715816,grow turn-key communities,452,Electronics
527921,expedite e-business web-readiness,104,Books
799985,engage world-class schemas,457,Books
754448,seize open-source relationships,130,Books
183736,envisioneer 24/7 eyeballs,339,Sports
453585,repurpose integrated synergies,431,Sports
3398657,revolutionize scalable e-markets,407,Toys
76006202,brand extensible channels,403,Clothing
138463,syndicate strategic supply-chains,71,Sports
8863424,generate proactive eyeballs,420,Electronics
70071365,benchmark dynamic communities,111,Groceries
524743,strategize out-of-the-box e-markets,269,Books
81968057,envisioneer frictionless schemas,392,Electronics
842459,reinvent virtual experiences,69,Clothing
955605,utilize B2B applications,310,Furniture
13959512,orchestrate magnetic web-readiness,152,Clothing
